,,ASSAULT OFFENSES,BURGLARY/BREAKING&ENTERING,DESTRUCTION/DAMAGE/VANDALISM OF PROPERTY,MOTOR VEHICLE THEFT,FRAUD OFFENSES,ROBBERY,TRESPASS OF REAL PROPERTY,DRUG/NARCOTIC OFFENSES,"FAMILY OFFENSES, NONVIOLENT",DRIVING UNDER THE INFLUENCE,WEAPON LAW VIOLATIONS,SEX OFFENSES,BAD CHECKS,COUNTERFEITING/FORGERY,PROSTITUTION OFFENSES,STOLEN PROPERTY OFFENSES,EMBEZZLEMENT,LIQUOR LAW VIOLATIONS,CURFEW/LOITERING/VAGRANCY VIOLATIONS,ARSON,KIDNAPPING/ABDUCTION,PEEPING TOM,EXTORTION/BLACKMAIL,PORNOGRAPHY/OBSCENE MATERIAL,HOMICIDE OFFENSES,"SEX OFFENSES, CONSENSUAL",ANIMAL CRUELTY,HUMAN TRAFFICKING,DRUNKENNESS,GAMBLING OFFENSES,LARCENY-THEFT,BRIBERY
1,1964,,,,,,,,,,,,,,,,,,,,,,,,,,,,,,,,
1,1977,,,,,,,,,,,,,,,,,,,,,,,,,,,,,,,1.0,
1,1980,,,,,,,,,,,,,,,,,,,,,,,,,,,,,,,,
1,1983,,,,,,,,,,,,,,,,,,,,,,,,,,,,,,,,
1,1987,,,,,,,,,,,,,,,,,,,,,,,,,,,,,,,,
1,1988,,,,,,,,,,,,,,,,,,,,,,,,,,,,,,,,
1,1991,,,,,,,,,1.0,,,0.75,,,,,,,,,,,,,,,,,,,,
1,1992,,,,,,,,,,,,,,,,,,,,,,,,,,1.0,,,,,,
1,1993,,,,,,,,,,,,,,,,,,,,,,,,,,,,,,,1.0,
1,1994,,,,,0.5,,,,,,,,,,,,,,,,,,,,,,,,,,,
1,1995,,,,,,,,,1.0,,,,,,,,,,,,,,,,,1.0,,,,,,
1,1996,,,,,,,,,,,,1.0,,,1.0,,,,,,,,,,,,,,,,,
1,1997,,,,,0.2857142857142857,,,,0.5,,,,,1.0,,,,,,,,,,,,,,1.0,,,,
1,1998,1.0,,,,,,,,0.8,,,0.5,,,,,1.0,,,,,,,,,1.0,,,,,0.14285714285714285,
1,1999,,,,,,,,,0.5,,,0.25,,,,,,,,,,,,,,,,,,,,
1,2000,0.3333333333333333,,,,,,,,0.625,,,0.5555555555555556,0.3333333333333333,,,,1.0,,,,,,,,,,,,,,0.1111111111111111,
1,2001,0.42857142857142855,0.16666666666666666,0.25,,,0.5,,,0.5,,,0.5,0.3333333333333333,,,,1.0,,,,,,,,,1.0,,,,,0.1,
1,2002,,,,,,,,,0.3333333333333333,,,0.5,0.3333333333333333,,,,0.5,,,,,,,,,,,,,,,
1,2003,0.5,,1.0,,0.2692307692307692,,,,0.7142857142857143,,,,,,,,1.0,,,,,,,,,1.0,,,,,,
1,2004,,,,,,,,,0.375,,,0.7777777777777778,0.3333333333333333,,,,1.0,,,,,,,,,1.0,,,,,0.2,
1,2005,,,,,,,,,0.5,,,0.8,,0.2,1.0,,0.7142857142857143,,,,,,,,,1.0,,,,,0.3333333333333333,
1,2006,0.1111111111111111,0.3333333333333333,,,,,0.5,0.8,0.5789473684210527,,,0.625,0.3,,,,0.2,,,,,,,,,0.4,,,,,0.21875,
1,2007,0.018518518518518517,0.013157894736842105,0.09375,0.10344827586206896,,0.14285714285714285,,,0.3235294117647059,,,0.2,0.05660377358490566,0.09090909090909091,0.3333333333333333,,0.041666666666666664,,,,,,,,,0.25,,,,,0.05434782608695652,
1,2008,0.06829810901001113,0.07767286018885167,0.07992036405005688,0.08788351534061363,0.08588761174968071,0.06534772182254196,0.10772833723653395,,0.07554417413572344,0.06660412757973734,0.0728476821192053,0.1242603550295858,0.06275033377837116,0.09411764705882353,0.08666666666666667,0.0916030534351145,,0.06615776081424936,0.10784313725490197,0.03529411764705882,0.05555555555555555,0.23076923076923078,0.1111111111111111,0.05263157894736842,0.2,0.125,,,,,,0.5
1,2009,0.08605341246290801,0.08192261185006046,0.08456460232631248,0.07945850500294291,0.11023339317773788,,0.07849829351535836,0.10044642857142858,0.10098792535675083,0.08973322554567502,0.09286898839137644,0.08176100628930817,,0.10089020771513353,0.07033639143730887,0.1504424778761062,0.08433734939759036,,0.10743801652892562,0.087248322147651,0.018518518518518517,,0.09090909090909091,0.13333333333333333,0.09523809523809523,,,,,,,
1,2010,0.08133495413857884,0.10121080409810618,0.08924103419516263,0.12016806722689076,0.0814058275758486,0.10470836261419536,0.06609442060085836,0.08542538354253836,0.08038585209003216,0.10368663594470046,0.0774526678141136,0.08169934640522876,0.10775295663600526,0.0749063670411985,,0.10504201680672269,0.15555555555555556,0.0764872521246459,,0.10714285714285714,0.10869565217391304,0.1111111111111111,0.11764705882352941,0.18181818181818182,0.05263157894736842,0.13333333333333333,,,,,,
1,2011,0.08405928272429007,0.09325279905715969,0.08349344978165939,0.07243867243867244,0.08635794743429287,0.08304011259676285,0.08858057630736393,0.12075654704170707,0.09141583054626533,,0.09836065573770492,0.09539473684210527,0.11070110701107011,0.09523809523809523,0.10093896713615023,0.12184873949579832,0.12,0.12435233160621761,0.09090909090909091,0.07228915662650602,0.06382978723404255,0.07142857142857142,,0.09090909090909091,0.041666666666666664,0.15384615384615385,,,,,,
1,2012,0.07612298548405531,0.07864996945632254,0.07555163283318624,0.07439587292967689,0.08130939809926083,0.08074534161490683,0.0794979079497908,0.08204873197414221,0.09592641261498029,0.06839622641509434,0.07930367504835589,0.09036144578313253,0.07677165354330709,0.036036036036036036,0.12350597609561753,0.07582938388625593,0.11940298507462686,0.03260869565217391,0.03636363636363636,0.10810810810810811,0.05,0.07692307692307693,,0.07142857142857142,0.16666666666666666,0.2,,,,,,
1,2013,0.07712142522269104,0.08743994509265614,0.07447552447552448,0.07862004224360479,0.0992658793488669,0.07557776389756403,0.07773279352226721,0.09378663540445487,0.08091787439613526,0.07927927927927927,0.06691449814126393,0.09333333333333334,0.07597535934291581,0.061452513966480445,0.049773755656108594,0.0778688524590164,0.11510791366906475,0.05405405405405406,0.14035087719298245,0.04597701149425287,0.13333333333333333,0.0625,0.1,0.13636363636363635,0.038461538461538464,0.07692307692307693,,,,,,
1,2014,0.08435072142064373,0.08871758934828311,0.07791304347826086,0.07895215572130253,0.06993291319373857,0.08296390120329322,0.08339429407461595,0.11056910569105691,0.0782800441014333,0.10946745562130178,0.07346938775510205,0.07514450867052024,0.09551656920077972,0.07105263157894737,0.04777070063694268,0.07258064516129033,0.08496732026143791,0.04,0.2857142857142857,0.0547945205479452,0.05454545454545454,0.2222222222222222,0.1,0.23076923076923078,0.07142857142857142,0.1,,,,,,
1,2015,0.07920792079207921,0.07322533912814434,0.07755306702323249,0.09992254066615028,0.08599636269160821,0.0872093023255814,0.06761078117862038,0.0880893300248139,,0.09170731707317073,0.06779661016949153,0.08287292817679558,0.07894736842105263,0.05314009661835749,0.1457725947521866,0.08333333333333333,0.06451612903225806,0.13513513513513514,0.1276595744680851,0.05434782608695652,0.07692307692307693,0.07142857142857142,0.1,0.14285714285714285,,,,,,,,1.0
1,2016,0.07739432305493159,0.09259504570141741,0.07924707371085099,0.09317365269461078,0.08247142079477408,0.0901481004507405,0.07944915254237288,0.08328826392644673,0.06976744186046512,0.08061749571183534,0.07680722891566265,0.09263157894736843,0.08958333333333333,0.09912536443148688,0.08425720620842572,0.11398963730569948,0.12244897959183673,0.11818181818181818,0.08064516129032258,0.0784313725490196,0.05084745762711865,0.1111111111111111,0.11764705882352941,,0.13636363636363635,0.2,,,,,,
1,2017,0.08030258946755892,0.08639281129653402,0.08534015653220951,0.08340080971659919,0.09020817270624518,0.07397793640493186,0.07623433103095421,0.07827956989247312,0.0832420591456736,0.08761766835626358,0.07279693486590039,0.09461966604823747,0.07563025210084033,0.13333333333333333,0.08376963350785341,0.08282828282828283,0.07692307692307693,0.0898876404494382,0.06666666666666667,0.06711409395973154,0.07692307692307693,,0.05063291139240506,0.13636363636363635,0.06666666666666667,0.42857142857142855,,0.5,,,,
1,2018,0.07890556045895852,0.083775447254781,0.08104044504585776,0.07855574530373262,0.09564750134336378,0.0805408583186361,,0.0789838337182448,0.0711864406779661,0.08776978417266187,,0.1135593220338983,0.09615384615384616,,0.024793388429752067,0.07528409090909091,0.10317460317460317,0.06097560975609756,0.0625,0.09821428571428571,0.08641975308641975,0.0625,0.049019607843137254,,0.058823529411764705,,,,,0.5,,
1,2019,0.08155235625502996,0.09969907104540102,0.09303928325292901,0.06614883487847657,0.10135720473577822,0.08681672025723473,0.11803781297904957,0.11240073304825901,0.23322683706070288,0.09019886363636363,0.11809815950920245,,0.16990291262135923,0.09216589861751152,0.12121212121212122,0.0784,0.10752688172043011,0.07246376811594203,0.15217391304347827,0.0990990990990991,0.04065040650406504,0.13333333333333333,0.09473684210526316,0.08,0.07894736842105263,0.42857142857142855,,,,,,
1,2020,0.087995337995338,,0.0671372784620006,0.07567786321327398,,0.09267965077233042,0.10746951219512195,0.12362911266201396,0.06976744186046512,0.13026052104208416,0.08414239482200647,0.10828025477707007,0.10526315789473684,0.0967741935483871,0.2222222222222222,0.08870967741935484,0.08823529411764706,0.13793103448275862,,0.005847953216374269,0.1076923076923077,0.06666666666666667,0.08571428571428572,0.05128205128205128,0.10909090909090909,0.2,,0.3,,,,
1,2021,0.071221193975685,0.08938206250636262,,0.07881403640457872,0.1030188679245283,0.0764403879064461,0.08602739726027397,0.2697201017811705,0.04918032786885246,0.0696969696969697,0.08996539792387544,0.09327548806941431,0.07407407407407407,0.08196721311475409,,0.10474631751227496,0.08333333333333333,,0.15384615384615385,,0.059782608695652176,,0.0625,0.08823529411764706,0.09302325581395349,,,0.125,,,,
1,2022,,0.09785368105238865,0.0869264787175235,,0.08826990976853669,0.1080773606370876,0.09965803615046409,0.05961251862891207,0.06666666666666667,0.07993850883935434,0.06900726392251816,0.08669354838709678,0.058823529411764705,0.12173913043478261,0.1111111111111111,,0.024390243902439025,0.0625,0.16666666666666666,0.13259668508287292,,0.125,,0.022222222222222223,,0.2857142857142857,0.13513513513513514,0.16666666666666666,,1.0,,
1,2023,0.7006633499170812,0.7246049661399548,0.713527851458886,0.7018561484918794,0.7579365079365079,0.7166666666666667,0.67,0.632183908045977,0.6,0.6875,0.6829268292682927,0.6491228070175439,1.0,0.7352941176470589,,0.7204301075268817,1.0,,,0.6842105263157895,0.6785714285714286,0.5,1.0,1.0,0.7142857142857143,,0.6666666666666666,,,,,
2,1964,,,,,,,,,,,,,,,,,,,,,,,,,,,,,,,,
2,1980,,,,,,,,,,,,,,,,,,,,,,,,,,,,,,,,
2,1990,,,,,,,,,,,,,,,,,,,,,,,,,,,,,,,,
2,1993,,,,,,,,,,,,,,,,,,,,,,,,,,,,,,,,
2,1994,,,,,,,,,,,,,,,,,,,,,,,,,,,,,,,,
2,1995,,,,,,,,,,,,,,,,,,,,,,,,,,,,,,,,
2,1997,,,,,,,,,,,,,,,,,,,,,,,,,,,,,,,,
2,2000,,,,,,,,,,,,,,,,,,,,,,,,,,,,,,,,
2,2001,,,,,0.0625,,,,,,,,,,,,,,,,,,,,,,,,,,,
2,2002,,1.0,,,,,,,,,,,,,,,0.5,,,,,,,,,,,,,,,
2,2003,,,,,,,,,,,,,,,,,,,,,,,,,,,,,,,0.14285714285714285,
2,2004,,,,,,,,,,,,,,0.3333333333333333,,,,,,,,,,,,,,,,,0.1,
2,2005,,,,,,,,,,,,0.2,,,,,,,,,,,,,,,,,,,,
2,2006,,,,,,,,,,,,,,,,,0.1,,,,,,,,,0.2,,,,,0.09375,
2,2007,0.018518518518518517,,0.03125,0.06896551724137931,,,,,0.029411764705882353,,,0.02857142857142857,,0.045454545454545456,,1.0,0.020833333333333332,,,,,,,,,0.25,,,,,0.0036231884057971015,
2,2008,0.07208008898776418,0.06183368869936034,0.07892491467576791,0.10062402496099844,0.07694763729246488,0.05935251798561151,0.09211553473848556,,0.058898847631242,0.058161350844277676,0.06622516556291391,0.05029585798816568,0.09479305740987984,0.08235294117647059,0.05,0.04961832061068702,,0.058524173027989825,0.00980392156862745,0.047058823529411764,0.05555555555555555,0.15384615384615385,0.14814814814814814,0.10526315789473684,0.03333333333333333,0.125,,,,,,
2,2009,0.06967798659193318,0.06605199516324063,0.0675888085507702,0.07622130665097115,0.08976660682226212,,0.08873720136518772,0.09375,0.07354555433589462,0.05173807599029911,0.05970149253731343,0.09119496855345911,,0.05341246290801187,0.08256880733944955,0.10176991150442478,0.05421686746987952,,0.0743801652892562,0.03355704697986577,0.018518518518518517,,0.045454545454545456,,0.14285714285714285,,,,,,,0.5
2,2010,0.07116808487125649,0.06705991927972679,0.0688907422852377,0.08151260504201681,0.05947732051667167,0.06957132817990162,0.07553648068669527,0.0903068340306834,0.06966773847802786,0.08448540706605223,0.08261617900172118,0.058823529411764705,0.09198423127463863,0.056179775280898875,,0.1092436974789916,0.037037037037037035,0.0821529745042493,,0.09821428571428571,0.08695652173913043,,,0.09090909090909091,0.05263157894736842,,,,,1.0,,
2,2011,0.07331146057246295,0.06761932822628168,0.07301310043668122,0.0608946608946609,0.08343763037129745,0.06474313863476425,0.08217716115261472,0.08583899127061105,0.07915273132664437,,0.08032786885245902,0.08223684210526316,0.06826568265682657,0.06984126984126984,0.07746478873239436,0.05042016806722689,0.08,0.08808290155440414,0.05194805194805195,0.03614457831325301,0.0425531914893617,0.14285714285714285,0.14285714285714285,0.18181818181818182,0.08333333333333333,,,,,,,
2,2012,0.07189393073494113,0.07299938912645082,0.08084730803177405,0.07249524843877274,0.08271735304470257,0.05935127674258109,0.07635983263598327,0.09597215315763302,0.07227332457293036,0.10141509433962265,0.09090909090909091,0.05421686746987952,0.05708661417322835,0.042042042042042045,0.13545816733067728,0.05687203791469194,0.08208955223880597,0.125,0.09090909090909091,,0.16666666666666666,,0.04,0.07142857142857142,0.16666666666666666,,,,,1.0,,
2,2013,0.07137834036568214,0.07522306108442003,0.07762237762237763,0.06219197371509035,0.06990105330354293,0.08369768894440974,0.07044534412955465,0.08616647127784291,0.07125603864734299,0.07477477477477477,0.07806691449814127,0.10333333333333333,0.07186858316221766,0.0782122905027933,0.14027149321266968,0.05327868852459016,0.07194244604316546,0.0945945945945946,0.05263157894736842,0.09195402298850575,0.15555555555555556,0.125,0.15,0.09090909090909091,0.07692307692307693,,,,,,,
2,2014,0.06847946725860156,0.07189908899789768,0.06521739130434782,0.06658177187556849,0.0715592600121976,0.04876504116529449,0.05779078273591807,0.07642276422764227,0.07386990077177508,0.07001972386587771,0.044897959183673466,0.05491329479768786,0.06432748538011696,0.05789473684210526,0.07961783439490445,0.07258064516129033,0.05228758169934641,0.08,0.047619047619047616,0.0547945205479452,0.14545454545454545,,,0.07692307692307693,0.07142857142857142,0.1,,,,,,
2,2015,0.07665282657297988,0.06308441986039773,0.07153601871970583,0.07745933384972889,0.07742270719667446,0.08462532299741603,0.07217907720420283,0.11972704714640199,,0.08878048780487804,0.059322033898305086,0.07458563535911603,0.07675438596491228,0.09903381642512077,0.04956268221574344,0.08928571428571429,0.043010752688172046,0.07207207207207207,0.10638297872340426,0.05434782608695652,0.15384615384615385,0.07142857142857142,0.025,0.07142857142857142,0.07142857142857142,,,,,,,
2,2016,0.07269756994078007,0.08504437673864088,0.08177791838025941,0.0852694610778443,0.0789330430048993,0.06567933032839665,0.08015536723163842,0.08923742563547864,0.08748615725359911,0.08490566037735849,0.0963855421686747,0.04421052631578947,0.08958333333333333,0.10495626822157435,0.0975609756097561,0.08808290155440414,0.047619047619047616,0.09090909090909091,0.0967741935483871,0.0784313725490196,0.05084745762711865,,0.07352941176470588,,0.18181818181818182,0.06666666666666667,,,,,,
2,2017,0.07021627388226166,0.06842105263157895,0.0739012642986153,0.07611336032388664,0.09046517604728861,0.07203114860480207,0.07035047326682016,0.07526881720430108,0.07447973713033954,0.08110065170166546,0.04342273307790549,0.055658627087198514,0.07352941176470588,0.05714285714285714,0.07329842931937172,0.050505050505050504,0.09090909090909091,0.02247191011235955,0.15,0.1342281879194631,0.0641025641025641,,0.06329113924050633,0.045454545454545456,,,,,,,,
2,2018,0.06787290379523389,0.07328809376927822,0.07397383852052324,0.07465235423273969,0.0693175711982805,0.07407407407407407,,0.07806004618937644,0.06440677966101695,0.08848920863309352,,0.059322033898305086,0.0673076923076923,,0.03305785123966942,0.08948863636363637,0.07936507936507936,0.06097560975609756,0.140625,0.09821428571428571,0.07407407407407407,0.125,0.029411764705882353,,0.11764705882352941,0.1,,,,0.5,,
2,2019,0.06635071090047394,0.06437262854899908,0.06357684355616816,0.056376847907792536,0.07767831360092406,0.07138263665594856,0.08610117526826776,0.08307880268784362,0.16613418530351437,0.07670454545454546,0.05828220858895705,,0.10679611650485436,0.04377880184331797,0.008658008658008658,0.0752,0.0967741935483871,0.11594202898550725,0.08695652173913043,0.04504504504504504,0.06504065040650407,,0.031578947368421054,0.04,0.05263157894736842,0.2857142857142857,,,,,,
2,2020,0.08051670551670552,,0.06082907780114148,0.05888304330230676,,0.05708529214237743,0.12766768292682926,0.12562313060817548,0.18604651162790697,0.13026052104208416,0.08090614886731391,0.09341825902335456,0.10526315789473684,0.10752688172043011,0.4444444444444444,0.08387096774193549,0.11764705882352941,0.06896551724137931,0.043478260869565216,0.05263157894736842,0.1,0.13333333333333333,0.10476190476190476,0.10256410256410256,0.01818181818181818,,0.038461538461538464,0.1,,,,
2,2021,0.07058610052622029,0.08113610913162984,,0.070369675361231,0.07547169811320754,0.06902452937820878,0.06246575342465754,0.21119592875318066,0.08196721311475409,0.07171717171717172,0.050173010380622836,0.0455531453362256,0.07407407407407407,0.09836065573770492,0.02,0.0867430441898527,0.05555555555555555,,0.15384615384615385,,0.03804347826086957,,0.09821428571428571,0.08823529411764706,0.06976744186046512,0.125,,0.25,0.2,,,
2,2022,,0.09196861297022849,0.0865118850193477,,0.0690466849744998,0.08248009101251422,0.07816316560820713,0.07600596125186289,0.06666666666666667,0.08070714834742505,0.0774818401937046,0.06048387096774194,0.058823529411764705,0.09130434782608696,0.05555555555555555,,0.17073170731707318,,,0.06077348066298342,,,,0.08888888888888889,,,0.08108108108108109,0.16666666666666666,,,,
2,2023,0.29933665008291876,0.27539503386004516,0.2864721485411141,0.29814385150812067,0.24206349206349206,0.2833333333333333,0.33,0.367816091954023,0.4,0.3125,0.3170731707317073,0.3508771929824561,,0.2647058823529412,,0.27956989247311825,,,,0.3157894736842105,0.32142857142857145,0.5,,,0.2857142857142857,,0.3333333333333333,,,,,
3,1957,,,,,,,,,,,,,,,,,,,,,,,,,,,,,,,,
3,1987,,,,,,,,,,,,,,,,,,,,,,,,,,,,,,,,
3,1991,,,,,,,,,,,,,,,,,,,,,,,,,,,,,,,,
3,1997,,,,,,,,,,,,,,,,,,,,,,,,,,,,,,,,
3,1998,,,,,,,,,0.2,,,,,,,,,,,,,,,,,,,,,,,
3,2000,,0.3333333333333333,,,,,,,0.125,,,,,,,,,,,,,,,,,,,,,,,
3,2001,,0.08333333333333333,,,0.03125,,,,,,,,,,,,,,,,,,,,,,,,,,,
3,2003,,,,,,,,,,,,0.1,,,,,,,,,,,,,,,,,,,0.14285714285714285,
3,2004,,0.5,0.25,,,,,,,,,,,,,,,,,,,,,,,,,,,,,
3,2005,0.2,,,,,,,1.0,0.25,1.0,,,,0.2,,,,,,,,,,,,,,,,,0.08333333333333333,
3,2006,0.1111111111111111,,0.4,,,,,,,,,,,,,,,,,,,,,,,,,,,,0.0625,
3,2007,,,0.015625,0.034482758620689655,,,,,0.029411764705882353,,,0.02857142857142857,0.03773584905660377,,,,0.0625,,,,,,,,,,,,,,0.018115942028985508,
3,2008,0.07975528364849833,0.0720377703320134,0.07536973833902162,0.07722308892355695,0.08109833971902937,0.06774580335731414,0.09055425448868072,,0.07554417413572344,0.05909943714821764,0.0847682119205298,0.04142011834319527,0.05874499332443257,0.06764705882352941,0.11,0.09541984732824428,,0.0737913486005089,0.06862745098039216,0.07058823529411765,0.05555555555555555,0.07692307692307693,0.14814814814814814,,0.06666666666666667,0.0625,,,,,,
3,2009,0.08099791185844599,0.07194679564691657,0.07686262181703866,0.060918187168922895,0.09156193895870736,,0.0947098976109215,0.09709821428571429,0.0889132821075741,0.07922392886014551,0.06467661691542288,0.0660377358490566,,0.10089020771513353,0.027522935779816515,0.07079646017699115,0.1144578313253012,,0.10743801652892562,0.10738255033557047,0.18518518518518517,,0.045454545454545456,0.2,0.047619047619047616,,,,,,,
3,2010,0.08034036910155819,0.08692952499223844,0.07923269391159299,0.09215686274509804,0.06188044457795134,0.08151791988756149,0.09098712446351931,0.09170153417015342,0.08788853161843516,0.08448540706605223,0.08777969018932874,0.08823529411764706,0.09067017082785808,0.0749063670411985,,0.07142857142857142,0.1111111111111111,0.06232294617563739,,0.044642857142857144,0.17391304347826086,0.1111111111111111,0.058823529411764705,0.09090909090909091,0.05263157894736842,0.06666666666666667,,,,,,
3,2011,0.08700079194479013,0.0792575132586918,0.07406113537117905,0.07301587301587302,0.08677513558614935,0.08796622097114708,0.07150480256136606,0.09311348205625607,0.08138238573021182,,0.06885245901639345,0.06907894736842106,0.1014760147601476,0.09206349206349207,0.051643192488262914,0.08823529411764706,0.064,0.09844559585492228,0.09090909090909091,0.060240963855421686,0.0851063829787234,0.07142857142857142,0.14285714285714285,0.18181818181818182,0.08333333333333333,0.15384615384615385,,,,,,
3,2012,0.07257972339695966,0.07834453268173489,0.08349514563106795,0.07738256855824056,0.10454065469904963,0.0800552104899931,0.0794979079497908,0.09149676777722526,0.10249671484888305,0.10141509433962265,0.08897485493230174,0.08132530120481928,0.08661417322834646,0.06306306306306306,0.06772908366533864,0.06635071090047394,0.05970149253731343,0.059782608695652176,0.07272727272727272,0.0945945945945946,0.11666666666666667,0.15384615384615385,,,0.08333333333333333,,,,,,,
3,2013,0.08450539146741678,0.08359643102264928,0.09283216783216783,0.06758976766017367,0.08586019789339291,0.06308557151780138,0.0825910931174089,0.09378663540445487,0.0785024154589372,0.0990990990990991,0.08364312267657993,0.08333333333333333,0.0944558521560575,0.07541899441340782,0.11312217194570136,0.0860655737704918,0.11510791366906475,0.07432432432432433,0.15789473684210525,0.12643678160919541,0.08888888888888889,0.0625,0.05,0.13636363636363635,0.11538461538461539,,,,,,,
3,2014,0.07946725860155383,0.07680448493342677,0.08156521739130435,0.07731489903583773,0.29985769465338485,0.08866371120962635,0.0753474762253109,0.08373983739837398,0.09040793825799338,0.07495069033530571,0.09591836734693877,0.08092485549132948,0.08576998050682261,0.08157894736842106,0.06050955414012739,0.06854838709677419,0.1111111111111111,0.088,0.047619047619047616,0.136986301369863,0.09090909090909091,,,0.15384615384615385,,0.3,,,,,,
3,2015,0.07963376982859577,0.07875674963782431,0.08340297509610563,0.091143816163181,0.10184463497012211,0.08591731266149871,0.0808588396528095,0.11166253101736973,,0.08780487804878048,0.07344632768361582,0.06353591160220995,0.07894736842105263,0.07729468599033816,0.02040816326530612,0.10119047619047619,0.06989247311827956,0.11711711711711711,0.0851063829787234,0.043478260869565216,0.05128205128205128,0.07142857142857142,0.05,0.2857142857142857,0.14285714285714285,,,,,,,
3,2016,0.08362262609761079,0.08040800105974301,0.08241062954761151,0.07736526946107784,0.07294501905280348,0.07598197037990985,0.07838983050847458,0.07571660356949703,0.08859357696567,0.08319039451114923,0.08433734939759036,0.06736842105263158,0.08541666666666667,0.0728862973760933,0.04878048780487805,0.054404145077720206,0.08163265306122448,0.07272727272727272,0.08064516129032258,0.00980392156862745,0.05084745762711865,,0.07352941176470588,0.15384615384615385,0.13636363636363635,0.13333333333333333,,,,,,
3,2017,0.07719910774900592,0.08202824133504492,0.07811559301625527,0.0815114709851552,0.09175019275250579,0.09085009733939,0.09311844461499105,0.07526881720430108,0.09967141292442497,0.08037653874004344,0.08045977011494253,0.09090909090909091,0.1092436974789916,0.07936507936507936,0.1099476439790576,0.08484848484848485,0.07692307692307693,0.02247191011235955,0.1,0.06711409395973154,0.07692307692307693,,0.12658227848101267,0.09090909090909091,,,,,,,,
3,2018,0.07881729920564871,0.0893275755706354,0.0804390317245527,0.08831422298121493,0.08033315421816228,0.08171663727219283,,0.09237875288683603,0.096045197740113,0.08633093525179857,,0.0711864406779661,0.10817307692307693,,0.03305785123966942,0.07954545454545454,0.10317460317460317,0.07317073170731707,0.046875,0.13392857142857142,0.07407407407407407,,0.029411764705882353,,0.029411764705882353,,,,,,,
3,2019,0.0837878923365823,0.07824152819573466,0.08752584424534804,0.06489601603608118,0.07652324574068727,0.08038585209003216,0.0970873786407767,0.09224190592547343,0.16293929712460065,0.08735795454545454,0.09662576687116564,,0.13592233009708737,0.08986175115207373,0.012987012987012988,0.0736,0.08602150537634409,0.15942028985507245,0.13043478260869565,0.07207207207207207,0.07317073170731707,0.06666666666666667,0.07368421052631578,0.14,0.10526315789473684,,,,,,,
3,2020,0.08255633255633256,,0.07134274556924002,0.06171590449210846,,0.06984553391537945,0.12042682926829268,0.11365902293120637,0.046511627906976744,0.10220440881763528,0.10679611650485436,0.07855626326963906,0.15789473684210525,0.08333333333333333,0.037037037037037035,0.08387096774193549,0.10294117647058823,0.1724137931034483,0.21739130434782608,0.029239766081871343,0.07692307692307693,0.13333333333333333,0.047619047619047616,0.05128205128205128,0.03636363636363636,0.2,0.07692307692307693,0.2,,,,1.0
3,2021,0.07639266920704046,0.08317214700193423,,0.0692437605554513,0.09433962264150944,0.06788362806617228,0.06904109589041096,0.05343511450381679,0.09836065573770492,0.06262626262626263,0.05709342560553633,0.0824295010845987,0.037037037037037035,0.08852459016393442,0.02,0.09328968903436989,0.1111111111111111,0.14285714285714285,0.38461538461538464,,0.08695652173913043,,0.09821428571428571,0.11764705882352941,0.06976744186046512,0.125,,,0.4,,,
3,2022,,0.09531502423263329,0.089828634604754,,0.09101608473911338,0.08930602957906712,0.07767464582315584,0.11475409836065574,0.06666666666666667,0.07378939277478862,0.09322033898305085,0.07056451612903226,0.14705882352941177,0.07391304347826087,0.16666666666666666,,0.0975609756097561,0.1875,0.3333333333333333,0.06077348066298342,,,,0.15555555555555556,,0.14285714285714285,0.02702702702702703,,,,,
4,1953,,,,,,,,,,,,,,,,,,,,,,,,,,,,,,,,
4,1991,,,,,,,,,,,,,,,,,,,,,,,,,,,,,,,,
4,1992,,,,,,,,,,,,,,,,,,,,,,,,,,,,,,,,
4,1998,,,,,,,,,,,,,,,,,,,,,,,,,,,,,,,,
4,1999,,,,,0.1111111111111111,,,,,,,,,,,,,,,,,,,,,,,,,,,
4,2000,,,,,,,,,,,,0.1111111111111111,,,,,,,,,,,,,,,,,,,,
4,2001,0.14285714285714285,,0.25,,0.0625,,,,,,,,,,,,,,,,,,,,,,,,,,,
4,2002,,,,,,,,,,,,,,,,,,,,,,,,,,,,,,,,
4,2003,,,,,,,,,,,,,,,,,,,,,,,,,,,,,,,0.14285714285714285,
4,2004,,,,,,,,,,,,,,,,,,,,,,,,,,,,,,,,
4,2005,0.4,,,0.5,,,,,,,,,0.25,0.2,,,,,,,,,,,,,,,,,,
4,2006,0.2222222222222222,0.3333333333333333,,,,,,,,,,0.125,0.3,0.5,,,,,,,,,,,,,,,,,0.0625,
4,2007,,0.013157894736842105,,,,,,0.25,0.029411764705882353,,,,0.018867924528301886,0.09090909090909091,,,0.020833333333333332,,,,,,,,,0.25,,,,,0.025362318840579712,
4,2008,0.07174638487208009,0.07569296375266525,0.07323663253697384,0.056682267290691625,0.07088122605363985,0.09172661870503597,0.06869633099141297,,0.05505761843790013,0.04971857410881801,0.08344370860927153,0.05917159763313609,0.0774365821094793,0.08823529411764706,0.06666666666666667,0.07251908396946564,,0.061068702290076333,0.08823529411764706,0.10588235294117647,0.018518518518518517,0.07692307692307693,0.14814814814814814,0.21052631578947367,0.16666666666666666,0.1875,,,,,,0.5
4,2009,0.08099791185844599,0.0817714631197098,0.08236403646651996,0.05709240729841083,0.08725314183123878,,0.0674061433447099,0.09337797619047619,0.08562019758507135,0.08407437348423606,0.06965174129353234,0.08176100628930817,,0.10682492581602374,0.0672782874617737,0.061946902654867256,0.1144578313253012,,0.06611570247933884,0.1342281879194631,0.16666666666666666,0.125,0.045454545454545456,0.06666666666666667,,,,,,,,
4,2010,0.08100342579290529,0.07078547035082272,0.08723936613844871,0.07647058823529412,0.06368278762391108,0.08222066057624737,0.08412017167381974,0.10425383542538354,0.08896034297963558,0.07296466973886329,0.0774526678141136,0.09803921568627451,0.10249671484888305,0.09363295880149813,,0.08823529411764706,0.05925925925925926,0.07932011331444759,,0.0625,0.10869565217391304,,0.058823529411764705,0.18181818181818182,,0.13333333333333333,,,,,,
4,2011,0.07704491458309763,0.07734236888626989,0.06951965065502183,0.08311688311688312,0.08719232373800584,0.07318789584799437,0.08004268943436499,0.10572259941804074,0.0858416945373467,,0.09344262295081968,0.09539473684210527,0.08671586715867159,0.09841269841269841,0.12206572769953052,0.06302521008403361,0.096,0.07253886010362694,0.1038961038961039,0.04819277108433735,0.1276595744680851,,,0.09090909090909091,0.041666666666666664,,,,,,,
4,2012,0.08446679620528061,0.0642944410507025,0.08508384819064431,0.07439587292967689,0.0936290038718761,0.07867494824016563,0.0899581589958159,0.09796121332670313,0.07884362680683311,0.08569182389937106,0.08897485493230174,0.08734939759036145,0.06299212598425197,0.06606606606606606,0.02390438247011952,0.05687203791469194,0.06716417910447761,0.10326086956521739,0.09090909090909091,0.06756756756756757,0.08333333333333333,0.07692307692307693,0.16,0.07142857142857142,0.08333333333333333,0.06666666666666667,,,,,,
4,2013,0.07794186591654946,0.08167467398764584,0.07237762237762238,0.07509974184463741,0.0912863070539419,0.06308557151780138,0.07692307692307693,0.07913247362250879,0.08454106280193237,0.08288288288288288,0.0762081784386617,0.08666666666666667,0.09650924024640657,0.10335195530726257,0.07692307692307693,0.11065573770491803,0.10071942446043165,0.060810810810810814,0.10526315789473684,0.06896551724137931,0.044444444444444446,,0.1,0.045454545454545456,0.038461538461538464,,,,,,,
4,2014,,0.07974772249474422,0.08139130434782609,0.08986720029106786,0.11750355763366538,0.07916402786573781,0.07900512070226774,0.0943089430894309,0.06615214994487321,0.09664694280078895,0.08571428571428572,0.07225433526011561,0.0682261208576998,0.04473684210526316,0.15286624203821655,0.04435483870967742,0.13071895424836602,0.072,0.047619047619047616,0.136986301369863,0.09090909090909091,,0.15,0.07692307692307693,0.17857142857142858,0.1,,,,,,
4,2015,0.07612051527733418,0.07928355063874622,0.0859100785559084,0.08830364058869093,0.11691348402182385,0.07751937984496124,0.0858839652809502,0.07444168734491315,,0.1024390243902439,0.08050847457627118,0.07458563535911603,0.07894736842105263,0.09420289855072464,0.10495626822157435,0.10416666666666667,0.06451612903225806,0.07207207207207207,0.0851063829787234,0.05434782608695652,0.07692307692307693,0.07142857142857142,0.075,0.14285714285714285,0.03571428571428571,,,,,,,
4,2016,0.07606697978354095,0.0861041197509604,0.07766529579247074,0.06994011976047904,0.08655416439847577,0.08628461043142305,0.06638418079096045,0.07896160086533262,0.09856035437430787,0.08833619210977701,0.06626506024096386,0.11368421052631579,0.06458333333333334,0.08163265306122448,0.026607538802660754,0.08031088082901554,0.09523809523809523,0.09090909090909091,0.06451612903225806,0.0392156862745098,0.06779661016949153,,0.07352941176470588,,0.09090909090909091,,,,,,,
4,2017,0.08059354087867326,0.08228498074454428,0.0829319686935581,0.0669365721997301,0.10048830634798252,0.09149902660609993,0.07751343054489639,0.06494623655913978,0.09200438116100766,0.07530774800868936,0.10727969348659004,0.059369202226345084,0.10084033613445378,0.09523809523809523,0.020942408376963352,0.05656565656565657,0.06993006993006994,0.14606741573033707,0.13333333333333333,0.087248322147651,0.14102564102564102,,0.08860759493670886,0.13636363636363635,0.1,0.21428571428571427,,,,,,
4,2018,0.07793468667255075,0.08574953732264035,0.07848443843031123,0.08123932666504026,0.08140784524449221,0.07054673721340388,,0.07528868360277136,0.08700564971751412,0.06906474820143885,,0.07966101694915254,0.09134615384615384,,,0.0625,0.07936507936507936,0.06097560975609756,0.09375,0.0625,0.04938271604938271,0.0625,0.08823529411764706,,0.11764705882352941,0.2,,,,,,
4,2019,0.07913797728695342,0.07313881983514327,0.08580289455547899,0.07366574793284891,0.09875830205024545,0.08295819935691319,0.10756259580991313,0.12156383628588882,0.21405750798722045,0.08451704545454546,0.10889570552147239,,0.1941747572815534,0.0576036866359447,,0.0704,0.0967741935483871,0.028985507246376812,0.08695652173913043,0.036036036036036036,0.04878048780487805,0.06666666666666667,0.07368421052631578,0.18,0.02631578947368421,,,,,,,
4,2020,0.07595182595182595,,0.08531090417542805,0.07284500202347227,,0.07588985896574882,0.12690548780487804,0.12662013958125623,0.09302325581395349,0.09619238476953908,0.10032362459546926,0.07430997876857749,0.07894736842105263,0.06182795698924731,,0.08064516129032258,0.04411764705882353,0.10344827586206896,,0.04678362573099415,0.1,0.13333333333333333,0.10476190476190476,0.02564102564102564,0.09090909090909091,,0.11538461538461539,,0.25,,,
4,2021,0.07666485211395391,0.07848925990023414,,0.06605366860574216,0.08075471698113207,0.0713063320022818,0.07068493150684932,0.04834605597964377,0.03278688524590164,0.08787878787878788,0.06920415224913495,0.0650759219088937,,0.11147540983606558,0.02,0.06382978723404255,0.1111111111111111,,,,0.05434782608695652,0.4,0.08928571428571429,0.029411764705882353,0.046511627906976744,,,,0.2,,,1.0
4,2022,,0.08389106854373414,0.07683803206191266,,0.08748528834837191,0.06882821387940842,0.08402540302882266,0.09239940387481371,0.05333333333333334,0.07148347425057648,0.08716707021791767,0.07459677419354839,0.08823529411764706,0.09565217391304348,0.027777777777777776,,0.04878048780487805,0.0625,0.16666666666666666,0.06629834254143646,,0.25,,0.044444444444444446,,0.14285714285714285,0.08108108108108109,,,,,
5,1974,,,,,,,,,,,,,,,,,,,,,,,,,,,,,,,,
5,1976,,,,,,,,,,,,,,,,,,,,,,,,,,,,,,,,
5,1980,,,,,,,,,,,,,,,,,,,,,,,,,,,,,,,,
5,1984,,,,,,,,,,,,,,,,,,,,,,,,,,,,,,,,
5,1989,,,,,,,,,,,,,,,,,,,,,,,,,,,,,,,,
5,1997,,,,,,,,,,,,,,,,,,,,,,,,,,,,,,,,
5,1998,,,,,,,,,,,,,,,,,,,,,,,,,,,,,,,0.14285714285714285,
5,2000,,,,,,,,,0.125,,,0.1111111111111111,,,,,,,,,,,,,,,,,,,,
5,2001,,0.08333333333333333,,,,,,,,,,0.16666666666666666,,,,,,,,,,,,,,,,,,,,
5,2003,,,,,,,,,,,,0.1,,,,,,,,,,,,,,,,,,,,
5,2004,,,,0.5,,,,,0.125,,,0.1111111111111111,,0.3333333333333333,,,,,,,,,,,,,,,,,,
5,2005,0.2,,,,,,,,0.125,,,,,,,,,,1.0,,,,,,,,,,,,,
5,2006,,,0.2,,,,,0.2,0.05263157894736842,,,,,,,,0.1,,,,,,,,,,,,,,0.09375,
5,2007,,0.039473684210526314,,,,,,,0.029411764705882353,,,0.05714285714285714,0.07547169811320754,,,,0.08333333333333333,,,,,,,,,,,,,,0.014492753623188406,
5,2008,0.07864293659621802,0.08406944867499239,0.08447098976109214,0.07124284971398856,0.08971902937420179,0.0803357314148681,0.0741608118657299,,0.10243277848911651,0.075046904315197,0.07549668874172186,0.10355029585798817,0.07610146862483311,0.08235294117647059,0.13,0.06870229007633588,,0.06615776081424936,0.12745098039215685,0.047058823529411764,0.1111111111111111,0.07692307692307693,0.07407407407407407,0.15789473684210525,0.06666666666666667,0.0625,,,,0.2,,
5,2009,0.09154852181558414,0.07119105199516323,0.08990883370009431,0.0673925838728664,0.08940754039497308,,0.08447098976109214,0.08816964285714286,0.09989023051591657,0.07760711398544867,0.07462686567164178,0.07861635220125786,,0.0771513353115727,0.045871559633027525,0.05309734513274336,0.0783132530120482,,0.09917355371900827,0.040268456375838924,0.05555555555555555,0.125,0.18181818181818182,0.2,0.047619047619047616,,,,,,,
5,2010,0.09238589899436402,0.0830487426265135,0.08390325271059217,0.08935574229691877,0.06368278762391108,0.08924806746310611,0.07811158798283262,0.08333333333333333,0.08896034297963558,0.06758832565284179,0.08777969018932874,0.10130718954248366,0.09198423127463863,0.0898876404494382,,0.10084033613445378,0.05925925925925926,0.10764872521246459,,0.08928571428571429,0.08695652173913043,,0.058823529411764705,0.09090909090909091,0.15789473684210525,0.2,,,,,,
5,2011,0.08609571218463627,0.08367707719505009,0.09187772925764193,0.09292929292929293,0.07634543178973717,0.0752990851513019,0.08431163287086446,0.07322987390882638,0.08918617614269789,,0.06229508196721312,0.0756578947368421,0.09040590405904059,0.09523809523809523,0.11032863849765258,0.07563025210084033,0.064,0.07772020725388601,0.07792207792207792,0.04819277108433735,0.02127659574468085,0.14285714285714285,,0.09090909090909091,,0.15384615384615385,,,,,,
5,2012,0.08812435706937936,0.07330482590103848,0.08861429832303619,0.07249524843877274,0.07708553326293559,0.08143547273982056,0.08263598326359832,0.07110890104425659,0.0735873850197109,0.07861635220125786,0.07736943907156674,0.10542168674698796,0.1062992125984252,0.06006006006006006,0.20318725099601595,0.05687203791469194,0.05223880597014925,0.07065217391304347,0.10909090909090909,0.0945945945945946,0.05,0.15384615384615385,0.12,0.07142857142857142,0.25,0.13333333333333333,,,,,,
5,2013,0.09153774027191748,0.0973232669869595,0.09318181818181819,0.08307908941563014,0.07724225981487393,0.08307307932542161,0.08097165991902834,0.07033997655334115,0.09903381642512077,0.08648648648648649,0.10780669144981413,0.056666666666666664,0.06365503080082136,0.0893854748603352,0.11312217194570136,0.11475409836065574,0.05755395683453238,0.12162162162162163,0.10526315789473684,0.21839080459770116,0.06666666666666667,0.125,0.1,0.09090909090909091,0.15384615384615385,,,,,,,
5,2014,0.08912319644839067,0.08493342676944639,0.09582608695652174,0.09932690558486447,0.05956495222606221,0.08486383787207093,0.08119970738844184,0.08699186991869919,0.11356119073869901,0.08579881656804733,0.09591836734693877,0.10982658959537572,0.07017543859649122,0.0868421052631579,0.08280254777070063,0.07258064516129033,0.0718954248366013,0.064,0.11904761904761904,0.0547945205479452,0.03636363636363636,0.2222222222222222,0.05,0.07692307692307693,0.03571428571428571,0.1,,,,,,
5,2015,0.08953475992760566,0.09179507441064139,0.08724720040113655,0.07952491608572167,0.07352559106261367,0.082687338501292,0.07903152124257652,0.05893300248138958,,0.07707317073170732,0.08192090395480225,0.09116022099447514,0.08333333333333333,0.06763285024154589,0.12244897959183673,0.0744047619047619,0.0967741935483871,0.13513513513513514,0.0851063829787234,0.07608695652173914,,0.14285714285714285,0.125,,0.07142857142857142,0.25,,,,0.5,,
5,2016,0.08954461915458443,0.09140283481255795,0.08826320784561847,0.08215568862275449,0.08274360370168754,0.08306503541532517,0.096045197740113,0.08436992969172526,0.09302325581395349,0.07890222984562607,0.09036144578313253,0.09263157894736843,0.0875,0.08454810495626822,0.04212860310421286,0.09067357512953368,0.047619047619047616,0.11818181818181818,0.22580645161290322,0.10784313725490197,0.15254237288135594,0.1111111111111111,0.10294117647058823,0.15384615384615385,0.045454545454545456,,,,,,,
5,2017,0.09261953253806614,0.08369704749679076,0.08127633955448525,0.07152496626180836,0.08224106913389874,0.08695652173913043,0.07776925044768483,0.08301075268817204,0.08981380065717415,0.09775524981897175,0.09578544061302682,0.09090909090909091,0.07352941176470588,0.06984126984126984,0.08376963350785341,0.10303030303030303,0.09090909090909091,0.06741573033707865,0.06666666666666667,0.053691275167785234,0.05128205128205128,,0.05063291139240506,0.045454545454545456,0.06666666666666667,,,,,,,
5,2018,0.09214474845542807,0.0904380012338063,0.09502330476620058,0.07465235423273969,0.09725953788285868,0.08348030570252793,,0.09561200923787529,0.08700564971751412,0.0985611510791367,,0.0711864406779661,0.09375,,0.0743801652892562,0.08948863636363637,0.10317460317460317,0.07317073170731707,0.078125,0.044642857142857144,0.1111111111111111,0.125,0.08823529411764706,,0.029411764705882353,0.1,,,,,,
5,2019,0.09147813645712242,0.08177417244537485,0.0864920744314266,0.07992984214482586,0.083453652902108,0.0752411575562701,0.0802248339294839,0.07147220525351253,0.06389776357827476,0.06818181818181818,0.08742331288343558,,0.08737864077669903,0.08525345622119816,0.017316017316017316,0.0816,0.043010752688172046,0.057971014492753624,0.043478260869565216,0.06306306306306306,0.08943089430894309,0.06666666666666667,0.08421052631578947,0.02,0.13157894736842105,0.14285714285714285,0.11764705882352941,,0.3333333333333333,,,
5,2020,0.0876068376068376,,0.08801441874436768,0.05726426547956293,,0.07790463398253862,0.09603658536585366,0.12861415752741776,0.06976744186046512,0.09519038076152304,0.11812297734627832,0.07006369426751592,0.05263157894736842,0.10483870967741936,0.07407407407407407,0.10483870967741936,0.058823529411764705,0.2413793103448276,0.043478260869565216,0.07017543859649122,0.03076923076923077,0.06666666666666667,0.10476190476190476,0.02564102564102564,0.10909090909090909,,0.07692307692307693,0.1,0.5,,,
5,2021,0.08528397749954636,0.0866334113814517,,0.06474010133233252,0.09509433962264151,0.0849971477467199,0.08767123287671233,0.04580152671755725,0.09836065573770492,0.08888888888888889,0.0847750865051903,0.07592190889370933,0.037037037037037035,0.05573770491803279,0.14,0.07364975450081833,0.08333333333333333,0.14285714285714285,,,0.09782608695652174,0.4,0.05357142857142857,0.08823529411764706,0.046511627906976744,,,,,,,
5,2022,,0.087352873297946,0.0954947484798231,,0.08630835621812476,0.07963594994311718,0.07962872496336101,0.07898658718330849,0.08,0.08608762490392007,0.0847457627118644,0.08064516129032258,0.08823529411764706,0.06521739130434782,,,0.0975609756097561,0.125,,0.09392265193370165,,,,0.08888888888888889,,0.14285714285714285,0.10810810810810811,0.16666666666666666,,,,
6,1929,,,,,,,,,,,,,,,,,,,,,,,,,,,,,,,,
6,1964,,,,,,,,,,,,,,,,,,,,,,,,,,,,,,,,
6,1994,,,,,,,,,,,,,,,,,,,,,,,,,,,,,,,,
6,1995,,,,,,,,,,,,0.25,,,,,,,,,,,,,,,,,,,,
6,1996,,,,,,,,,,,,,,,,,,,,,,,,,,,,,,,,
6,1999,,,,,,,,,,,,,,,,,,,,,,,,,,,,,,,,
6,2000,,,,,,,,,,,,,,,,,,,,,,,,,,,,,,,0.05555555555555555,
6,2001,0.2857142857142857,,0.5,,0.09375,,,,0.16666666666666666,,,0.3333333333333333,0.3333333333333333,,,,,,,,,,,,,,,,,,,
6,2002,,,1.0,,,,,,0.3333333333333333,,,,,,,,,,,,,,,,,,,,,,,
6,2003,,,,,,,,,,,,,,,,,,,,,,,,,,,,,,,,
6,2004,,,,,,,,,,,,,,,,,,,,,,,,,,,,,,,0.1,
6,2005,,,,,,,,,0.125,,,,,0.2,,,,,,,,,,,,,,,,,0.16666666666666666,
6,2006,0.1111111111111111,,0.2,,,,0.5,,0.10526315789473684,,,,0.1,0.5,,,,,,,,,,,,,,,,,0.125,
6,2007,0.09259259259259259,0.02631578947368421,0.015625,,,,,,0.11764705882352941,,,0.14285714285714285,0.018867924528301886,0.045454545454545456,,,0.125,,,,,,,,,,,,,,0.050724637681159424,
6,2008,0.08164627363737487,0.09290283277490101,0.09399886234357224,0.07124284971398856,0.07886334610472541,0.06894484412470024,0.07650273224043716,,0.0678617157490397,0.0600375234521576,0.0728476821192053,0.09467455621301775,0.06542056074766354,0.07941176470588235,0.13666666666666666,0.0916030534351145,,0.12468193384223919,0.08823529411764706,0.1411764705882353,0.07407407407407407,,0.07407407407407407,,0.03333333333333333,0.125,,,,,,
6,2009,0.08781184745576437,0.07633010882708585,0.08928010059729645,0.0709240729841083,0.08114901256732496,,0.08873720136518772,0.06547619047619048,0.09989023051591657,0.07356507679870655,0.0912106135986733,0.07861635220125786,,0.0830860534124629,0.06116207951070336,0.0752212389380531,0.05421686746987952,,0.09917355371900827,0.0738255033557047,0.07407407407407407,0.125,0.09090909090909091,0.06666666666666667,0.047619047619047616,,,,,,,
6,2010,0.08962316278041772,0.07854703508227259,0.08907422852376981,0.09971988795518208,0.07419645539200961,0.08011243851018975,0.0927038626609442,0.07914923291492329,0.09753483386923902,0.060675883256528416,0.08089500860585198,0.0718954248366013,0.07621550591327202,0.0898876404494382,,0.12605042016806722,0.07407407407407407,0.10198300283286119,,0.11607142857142858,0.15217391304347827,,0.11764705882352941,,0.05263157894736842,0.06666666666666667,,,,,,
6,2011,0.0875664667948863,0.07351208014142604,0.09449781659388647,0.09466089466089467,0.07425949103045473,0.08163265306122448,0.08537886872998933,0.0635305528612997,0.09587513935340022,,0.07377049180327869,0.09210526315789473,0.0959409594095941,0.11746031746031746,0.07746478873239436,0.07142857142857142,0.12,0.11917098445595854,0.06493506493506493,0.08433734939759036,0.10638297872340426,0.14285714285714285,0.14285714285714285,0.09090909090909091,0.041666666666666664,0.07692307692307693,,,,,,0.5
6,2012,0.08778146073837009,0.07758094074526573,0.08402471315092674,0.08688569101276133,0.07638155579021472,0.08695652173913043,0.06903765690376569,0.07508702138239681,0.08278580814717477,0.07625786163522012,0.08123791102514506,0.09337349397590361,0.08464566929133858,0.12612612612612611,0.05179282868525897,0.08056872037914692,0.07462686567164178,0.125,0.18181818181818182,0.13513513513513514,0.06666666666666667,0.23076923076923078,0.12,0.21428571428571427,0.041666666666666664,0.06666666666666667,,,,,,
6,2013,0.08204406938584154,0.07961564859299931,0.08846153846153847,0.08331377610889462,0.08298755186721991,0.07807620237351655,0.07368421052631578,0.08616647127784291,0.10265700483091787,0.08558558558558559,0.08921933085501858,0.06333333333333334,0.06776180698151951,0.08379888268156424,0.02262443438914027,0.0942622950819672,0.07913669064748201,0.12162162162162163,0.07017543859649122,0.11494252873563218,0.022222222222222223,0.125,0.05,0.18181818181818182,0.038461538461538464,0.23076923076923078,,,,,,
6,2014,,0.0846531184302733,0.09269565217391304,0.11478988539203201,0.05651555194145151,0.09626345788473717,0.08924652523774688,0.0910569105691057,0.09592061742006615,0.09960552268244575,0.06326530612244897,0.06358381502890173,0.07212475633528265,0.10789473684210527,0.12420382165605096,0.08064516129032258,0.0915032679738562,0.112,0.09523809523809523,0.0821917808219178,0.09090909090909091,0.2222222222222222,0.15,0.07692307692307693,0.14285714285714285,,,,,,,
6,2015,0.0874055147450229,0.0916633741604109,0.08774862109309711,0.08055770720371805,0.07742270719667446,0.09237726098191215,0.08451347647327546,0.07382133995037221,,0.06926829268292684,0.07344632768361582,0.11878453038674033,0.07894736842105263,0.06038647342995169,0.12244897959183673,0.10119047619047619,0.10215053763440861,0.04504504504504504,0.06382978723404255,0.10869565217391304,0.10256410256410256,,0.05,0.14285714285714285,0.07142857142857142,0.25,,,,,,
6,2016,0.08464365938329589,0.07365213935620613,0.08557418538437203,0.07209580838323354,0.08410451823625477,0.09143593045717965,0.08757062146892655,0.07787993510005409,0.12403100775193798,0.07032590051457976,0.08132530120481928,0.06736842105263158,0.1,0.07871720116618076,0.082039911308204,0.08031088082901554,0.08163265306122448,0.09090909090909091,0.04838709677419355,0.19607843137254902,0.1694915254237288,,0.04411764705882353,0.07692307692307693,0.09090909090909091,0.06666666666666667,,,,,,
6,2017,0.08476384443797885,0.07406931964056483,0.08503913305237809,0.07827260458839407,0.08635312259059368,0.07397793640493186,0.07495523151701203,0.09806451612903226,0.07995618838992333,0.07603186097031137,0.0970625798212005,0.09647495361781076,0.09243697478991597,0.08888888888888889,0.3795811518324607,0.0707070707070707,0.07692307692307693,0.1348314606741573,0.05,0.10738255033557047,0.0641025641025641,,0.06329113924050633,0.22727272727272727,0.13333333333333333,0.14285714285714285,,,,,,
6,2018,0.08508384819064431,0.08056755089450957,0.0867538715982559,0.07367650646499146,0.07415368081676518,0.08112874779541446,,0.08036951501154735,0.09152542372881356,0.08129496402877698,,0.07966101694915254,0.07932692307692307,,0.17355371900826447,0.08380681818181818,0.047619047619047616,0.0975609756097561,0.078125,0.08035714285714286,0.1111111111111111,,0.08823529411764706,,0.14705882352941177,0.1,,,,,,
6,2019,0.08271483501743718,0.08072746303807406,0.08132322536181943,0.09270859433725884,0.08143228414669362,0.07909967845659165,0.07639243740419009,0.08063530849114234,0.02875399361022364,0.08096590909090909,0.08588957055214724,,0.04854368932038835,0.08525345622119816,0.017316017316017316,0.0784,0.07526881720430108,0.028985507246376812,0.08695652173913043,0.08108108108108109,0.056910569105691054,,0.06315789473684211,0.06,0.02631578947368421,0.14285714285714285,0.11764705882352941,,0.3333333333333333,,,
6,2020,0.08003108003108003,,0.07689996996094924,0.07749898826386079,,0.07790463398253862,0.04954268292682927,0.03489531405782652,0.06976744186046512,0.06613226452905811,0.05339805825242718,0.0870488322717622,0.10526315789473684,0.07526881720430108,0.07407407407407407,0.041935483870967745,0.07352941176470588,0.034482758620689655,0.21739130434782608,0.08771929824561403,0.11538461538461539,0.13333333333333333,0.047619047619047616,0.02564102564102564,0.07272727272727272,,0.038461538461538464,0.1,,,,
6,2021,0.08991108691707494,0.07787844853914283,,0.07280915744042034,0.08264150943396227,0.07929264118653737,0.07287671232876712,0.035623409669211195,0.16393442622950818,0.0797979797979798,0.0726643598615917,0.06941431670281996,0.07407407407407407,0.10163934426229508,0.1,0.06710310965630115,0.1111111111111111,,0.15384615384615385,,0.08695652173913043,0.2,0.08035714285714286,0.058823529411764705,0.20930232558139536,0.125,,,,,,
6,2022,,0.07777521347795985,0.08775566611387507,,0.08552373479795998,0.08248009101251422,0.10307767464582315,0.07004470938897168,0.06666666666666667,0.07071483474250577,0.08353510895883777,0.0846774193548387,0.058823529411764705,0.11304347826086956,0.16666666666666666,,0.14634146341463414,0.0625,,0.09392265193370165,,0.125,,0.06666666666666667,,,0.05405405405405406,0.16666666666666666,,,,
7,1976,,,,,,,,,,,,,,,,,,,,,,,,,,,,,,,,
7,1987,,,,,,,,,,,,,,,,,,,,,,,,,,,,,,,,
7,1993,,,,,,,,,,,,,,,,,,,,,,,,,,,,,,,,
7,1999,,,,,,,,,,,,,,,,,,,,,,,,,,,,,,,,
7,2000,0.16666666666666666,0.3333333333333333,,,,,,,0.125,,,0.1111111111111111,0.6666666666666666,,,,,,,,,,,,,,,,,,,
7,2001,0.14285714285714285,,,,0.03125,,,,0.16666666666666666,,,,,,,,,,,,,,,,,,,,,,,
7,2002,,,,,,,,,,,,,,,,,,,,,,,,,,,,,,,,
7,2003,,,,,,,,,,,,,,,,,,,,,,,,,,,,,,,,
7,2004,,,,,,,,,0.125,,,,,,,,,,,,,,,,,,,,,,,
7,2005,,1.0,,,,,,,,,,,,,,,,,,,,,,,,,,,,,0.08333333333333333,
7,2006,0.1111111111111111,,,,,,,,,,,,,,,,0.1,,,,,,,,,0.2,,,,,0.03125,
7,2007,0.07407407407407407,0.02631578947368421,0.015625,,,,,,0.11764705882352941,,,0.02857142857142857,0.05660377358490566,0.045454545454545456,,,0.041666666666666664,,,,,,,,,,,,,,0.014492753623188406,
7,2008,0.08765294771968854,0.09442583003350594,0.09911831626848691,0.07462298491939677,0.07758620689655173,0.07793764988009592,0.08430913348946135,,0.09218950064020487,0.07410881801125703,0.12582781456953643,0.10059171597633136,0.12016021361815754,0.10294117647058823,0.056666666666666664,0.06870229007633588,,0.11704834605597965,0.06862745098039216,0.09411764705882353,0.09259259259259259,0.07692307692307693,0.07407407407407407,0.15789473684210525,0.1,0.1875,,,,,,
7,2009,0.09858226178700956,0.0903869407496977,0.09462433197107828,0.08681577398469688,0.08761220825852782,,0.07423208191126279,0.08110119047619048,0.08232711306256861,0.07113985448666128,0.12935323383084577,0.10377358490566038,,0.06231454005934718,0.12844036697247707,0.07079646017699115,0.1144578313253012,,0.06611570247933884,0.06711409395973154,0.12962962962962962,0.125,0.09090909090909091,0.06666666666666667,0.19047619047619047,,,,,,,
7,2010,0.09349099347994254,0.07513194660043465,0.09491242702251877,0.07927170868347339,0.06308200660859117,0.08924806746310611,0.09785407725321889,0.08751743375174338,0.10182207931404073,0.07526881720430108,0.11876075731497418,0.09803921568627451,0.07621550591327202,0.1348314606741573,,0.058823529411764705,0.0962962962962963,0.0906515580736544,,0.11607142857142858,0.043478260869565216,,0.11764705882352941,0.09090909090909091,,0.13333333333333333,,,,,,
7,2011,0.0882452766150017,0.07778432527990571,0.09572052401746725,0.11544011544011544,0.09136420525657071,0.0844475721323012,0.064034151547492,0.0935984481086324,0.08472686733556299,,0.09508196721311475,0.08223684210526316,0.07564575645756458,0.10793650793650794,0.08215962441314555,0.05042016806722689,0.088,0.09844559585492228,0.15584415584415584,0.1566265060240964,0.1276595744680851,0.14285714285714285,,0.09090909090909091,0.16666666666666666,0.07692307692307693,,,,,,
7,2012,0.09818264944565093,0.07620647525962126,0.09867608120035304,0.09150149334781428,0.08236536430834214,0.0759144237405107,0.08158995815899582,0.08403779214321233,0.09198423127463863,0.08569182389937106,0.10444874274661509,0.0783132530120482,0.10236220472440945,0.1111111111111111,0.08366533864541832,0.07582938388625593,0.11194029850746269,0.08695652173913043,0.14545454545454545,0.12162162162162163,0.08333333333333333,,0.12,,0.08333333333333333,0.06666666666666667,,,,,,
7,2013,0.09528832630098454,0.07728208647906658,0.09353146853146853,0.08542595634827506,0.08171082030003192,0.09306683322923173,0.08987854251012145,0.07971864009378664,0.09782608695652174,0.06756756756756757,0.10408921933085502,0.12333333333333334,0.07597535934291581,0.08100558659217877,0.03619909502262444,0.10655737704918032,0.09352517985611511,0.14864864864864866,0.10526315789473684,0.09195402298850575,0.06666666666666667,0.0625,0.05,,0.15384615384615385,0.3076923076923077,,,,,,
7,2014,0.09334073251942286,0.08493342676944639,0.09965217391304348,0.09787156630889576,0.05285627159991868,0.07726409119696011,0.09875640087783467,0.08048780487804878,0.07717750826901874,0.07199211045364892,0.12448979591836734,0.07225433526011561,0.08966861598440545,0.10789473684210527,0.17197452229299362,0.09274193548387097,0.08496732026143791,0.144,0.023809523809523808,0.0958904109589041,0.01818181818181818,,0.1,,0.14285714285714285,,,,,,,
7,2015,0.09123815607367189,0.08600026340050046,0.08106301186695637,0.06919700490575781,0.07768251493894518,0.09043927648578812,0.08634079488350845,0.07754342431761786,,0.07317073170731707,0.11581920903954802,0.07734806629834254,0.08991228070175439,0.10144927536231885,0.20408163265306123,0.07738095238095238,0.11290322580645161,0.0990990990990991,0.0851063829787234,0.10869565217391304,0.1794871794871795,0.07142857142857142,0.1,,0.17857142857142858,0.25,,,,,,
7,2016,0.09240351235450275,0.07789111140548417,0.09727934198038596,0.07425149700598803,0.08873162765378334,0.0849967804249839,0.08545197740112995,0.09410492157923202,0.08527131782945736,0.07890222984562607,0.1144578313253012,0.09052631578947369,0.06875,0.08163265306122448,0.4878048780487805,0.09585492227979274,0.047619047619047616,0.10909090909090909,0.03225806451612903,0.14705882352941177,0.15254237288135594,0.1111111111111111,0.058823529411764705,0.23076923076923078,0.045454545454545456,0.06666666666666667,,,,,,
7,2017,0.09038890505285617,0.08151476251604621,0.09406983744732089,0.09365721997300945,0.06784888203546646,0.08241401687216093,0.07649015093374265,0.10365591397849462,0.0832420591456736,0.07096307023895727,0.10983397190293742,0.09090909090909091,0.07773109243697479,0.0380952380952381,0.13089005235602094,0.09898989898989899,0.06293706293706294,0.14606741573033707,0.06666666666666667,0.1610738255033557,0.16666666666666666,,0.0759493670886076,0.09090909090909091,0.13333333333333333,,,,,,,0.5
7,2018,0.0941747572815534,0.07884022208513264,0.09231694482032778,0.0902659185167114,0.08140784524449221,0.08641975308641975,,0.09561200923787529,0.08022598870056497,0.07266187050359713,,0.09491525423728814,0.08653846153846154,,0.1652892561983471,0.08096590909090909,0.047619047619047616,0.10975609756097561,0.09375,0.125,0.06172839506172839,0.0625,0.17647058823529413,,0.058823529411764705,,,,,,,
7,2019,0.094876151301082,0.08373675258406385,0.08959338387319091,0.09320972187421699,0.08143228414669362,0.0977491961414791,0.0807358201328564,0.0855222968845449,0.025559105431309903,0.08735795454545454,0.08895705521472393,,0.06796116504854369,0.08525345622119816,0.2683982683982684,0.0784,0.07526881720430108,0.043478260869565216,0.13043478260869565,0.10810810810810811,0.08943089430894309,0.06666666666666667,0.12631578947368421,0.04,0.21052631578947367,,0.17647058823529413,,,,,
7,2020,0.09702797202797203,,0.09732652448182637,0.08963982193443949,,0.08394895903290799,0.06402439024390244,0.038883349950149554,,0.04609218436873747,0.06796116504854369,0.07643312101910828,0.02631578947368421,0.051075268817204304,,0.05967741935483871,0.04411764705882353,0.034482758620689655,0.21739130434782608,0.14035087719298245,0.09230769230769231,,0.05714285714285714,0.10256410256410256,0.10909090909090909,,0.11538461538461539,,,,,
7,2021,0.10070767555797495,0.07798025043265805,,0.07562394445486958,0.07018867924528302,0.08214489446662863,0.08328767123287671,0.06361323155216285,0.14754098360655737,0.10505050505050505,0.11245674740484429,0.11713665943600868,0.1111111111111111,0.07540983606557378,,0.06382978723404255,0.08333333333333333,0.14285714285714285,,,0.125,,0.09821428571428571,0.08823529411764706,0.09302325581395349,0.125,,0.125,,,,
7,2022,,0.0864297253634895,0.09480375898286346,,0.07728520988622989,0.09670079635949944,0.08597948216902784,0.09836065573770492,0.08,0.09531129900076864,0.1016949152542373,0.08064516129032258,0.11764705882352941,0.06521739130434782,,,0.0975609756097561,0.0625,,0.11049723756906077,,0.125,,0.17777777777777778,,,,0.16666666666666666,,,,
8,1976,,,,,,,,,,,,,,,,,,,,,,,,,,,,,,,,
8,1996,,,,,,,,,,,,,,,,,,,,,,,,,,,,,,,,
8,1998,,,,,,,,,,,,,,,,,,,,,,,,,,,,,,,,
8,1999,,,,,,,,,,,,,,,,,,,,,,,,,,,,,,,,
8,2000,0.16666666666666666,0.3333333333333333,0.5,,0.10526315789473684,1.0,,,,,,,,,,,,,,,,,,,,,,,,,,
8,2001,,0.08333333333333333,,,0.03125,,1.0,,,,,,,,,,,,,,,,,,,,,,,,0.05,
8,2002,,,,,,,,,,,,,,,,,,,,,,,,,,,,,,,0.5,
8,2003,0.5,,,,,,,,,,,,,,,,,,,,,,,,,,,,,,0.14285714285714285,
8,2004,,,0.25,,,,,,,,,,0.3333333333333333,,,,,,,,,,,,,,,,,,0.1,
8,2005,,,,,,,,,,,,,0.25,,,,0.2857142857142857,,,,,,,,,,,,,,0.16666666666666666,
8,2006,,,,,,,,,,,,,,,,,0.1,,,,,,,,,,,,,,0.03125,
8,2007,0.018518518518518517,0.039473684210526314,0.03125,,,,,,0.058823529411764705,,,0.05714285714285714,0.09433962264150944,0.045454545454545456,,,0.0625,1.0,,,,,,1.0,,,,,,,0.018115942028985508,
8,2008,0.10244716351501669,0.0839171489491319,0.09371444823663254,0.09152366094643785,0.08556832694763729,0.08992805755395683,0.08274785323965651,,0.09475032010243278,0.10975609756097561,0.08874172185430464,0.07988165680473373,0.09479305740987984,0.08823529411764706,0.06,0.09541984732824428,,0.11450381679389313,0.1568627450980392,0.12941176470588237,0.14814814814814814,,,0.05263157894736842,0.06666666666666667,,,,,,,
8,2009,0.09099901088031652,0.09673518742442563,0.0862936183590066,0.08858151854031783,0.07971274685816876,,0.09726962457337884,0.0822172619047619,0.08342480790340286,0.08649959579628133,0.08291873963515754,0.1069182389937107,,0.08605341246290801,0.1162079510703364,0.06637168141592921,0.08433734939759036,,0.1487603305785124,0.10738255033557047,0.09259259259259259,0.125,0.045454545454545456,,0.14285714285714285,,,,,,,
8,2010,0.0917228423030169,0.08863706923315741,0.08356964136780651,0.0700280112044818,0.08320817062180835,0.08924806746310611,0.07896995708154507,0.08368200836820083,0.09217577706323687,0.07757296466973887,0.06712564543889846,0.08169934640522876,0.07095926412614981,0.09737827715355805,,0.07983193277310924,0.08148148148148149,0.0821529745042493,,0.08928571428571429,0.043478260869565216,0.2222222222222222,,,0.10526315789473684,,,,,,,
8,2011,0.09378889014594412,0.08397171479080731,0.09310043668122271,0.09350649350649351,0.08093450146015853,0.08655876143560873,0.09391675560298826,0.08729388942774007,0.08918617614269789,,0.08360655737704918,0.09868421052631579,0.08856088560885608,0.07301587301587302,0.051643192488262914,0.12184873949579832,0.048,0.09844559585492228,0.05194805194805195,0.1686746987951807,0.14893617021276595,0.07142857142857142,,0.18181818181818182,0.08333333333333333,0.07692307692307693,,,,,,
8,2012,0.08949594239341639,0.08460598656078192,0.09249779346866725,0.09448818897637795,0.09538894755367829,0.10144927536231885,0.07740585774058577,0.07011437095972153,0.09067017082785808,0.060534591194968554,0.09864603481624758,0.0572289156626506,0.11811023622047244,0.09309309309309309,0.09561752988047809,0.0947867298578199,0.07462686567164178,0.13043478260869565,0.05454545454545454,0.10810810810810811,0.06666666666666667,,0.12,,0.041666666666666664,0.13333333333333333,,,,,,
8,2013,0.09036568213783404,0.08304735758407687,0.08286713286713286,0.07908941563013377,0.07979572294924991,0.09868831980012492,0.09392712550607288,0.07737397420867527,0.08816425120772947,0.0891891891891892,0.09293680297397769,0.11333333333333333,0.1026694045174538,0.05865921787709497,0.02262443438914027,0.09016393442622951,0.050359712230215826,0.08783783783783784,0.07017543859649122,0.034482758620689655,0.08888888888888889,0.125,0.1,0.045454545454545456,0.038461538461538464,0.15384615384615385,,,,,,
8,2014,0.09356270810210877,0.08605466012613876,0.08521739130434783,0.06931053301800982,0.0526529782476113,0.09499683343888538,0.08339429407461595,0.06991869918699187,0.08930540242557883,0.07593688362919132,0.08775510204081632,0.0953757225433526,0.09746588693957114,0.09736842105263158,0.04777070063694268,0.09274193548387097,0.0784313725490196,0.112,,0.0958904109589041,0.12727272727272726,0.2222222222222222,0.1,0.15384615384615385,0.07142857142857142,,,,,,,
8,2015,0.0934738635153838,0.08376135914658238,0.09242854755139562,0.0699715982442551,0.08417770849571317,0.08527131782945736,0.08405664687071722,0.07568238213399504,,0.08780487804878048,0.12005649717514125,0.06629834254143646,0.08771929824561403,0.09903381642512077,0.10495626822157435,0.0625,0.06989247311827956,0.07207207207207207,0.02127659574468085,0.14130434782608695,0.10256410256410256,,0.125,,0.14285714285714285,0.25,,,,0.5,,
8,2016,0.09301613232591383,0.07034044244270764,0.0847832964251819,0.08383233532934131,0.09063690800217747,0.0901481004507405,0.07733050847457627,0.0914007571660357,0.07308970099667775,0.08319039451114923,0.09036144578313253,0.0863157894736842,0.07083333333333333,0.07580174927113703,0.022172949002217297,0.07253886010362694,0.10884353741496598,0.045454545454545456,0.03225806451612903,0.09803921568627451,0.0847457627118644,0.1111111111111111,0.08823529411764706,0.07692307692307693,0.045454545454545456,,,,,,,
8,2017,0.08912811560469401,0.08446726572528883,0.08910295003010235,0.10013495276653171,0.0742739655615523,0.08955223880597014,0.08800204655922231,0.09849462365591398,0.08981380065717415,0.08037653874004344,0.09067688378033206,0.07235621521335807,0.10294117647058823,0.09206349206349207,0.02356020942408377,0.08686868686868687,0.09090909090909091,0.0898876404494382,0.08333333333333333,0.11409395973154363,0.07692307692307693,,0.10126582278481013,,0.1,0.14285714285714285,,0.5,,,,
8,2018,0.09302736098852604,0.08562615669339914,0.08073973838520523,0.09148572822639668,0.08328855454056959,0.09053497942386832,,0.10161662817551963,0.10734463276836158,0.07338129496402877,,0.09152542372881356,0.09375,,0.008264462809917356,0.09943181818181818,0.047619047619047616,0.12195121951219512,0.09375,0.11607142857142858,0.13580246913580246,,0.06862745098039216,,0.058823529411764705,0.2,,,,,,
8,2019,0.08933202181883215,0.08792359021326704,0.09958649207443143,0.10448509145577549,0.07854461449610164,0.09067524115755626,0.06821665815022994,0.07147220525351253,0.03514376996805112,0.08522727272727272,0.08282208588957055,,0.043689320388349516,0.09907834101382489,0.2510822510822511,0.128,0.043010752688172046,0.18840579710144928,0.10869565217391304,0.08108108108108109,0.10569105691056911,0.2,0.10526315789473684,0.12,0.13157894736842105,,0.35294117647058826,,,,,
8,2020,0.09430846930846931,,0.10198257735055573,0.10056657223796034,,0.10476830087306917,0.058307926829268296,0.045862412761714856,0.09302325581395349,0.06412825651302605,0.06472491909385113,0.08492569002123142,0.05263157894736842,0.0967741935483871,,0.06290322580645161,0.11764705882352941,0.034482758620689655,0.043478260869565216,0.17543859649122806,0.09230769230769231,0.06666666666666667,0.06666666666666667,0.15384615384615385,0.10909090909090909,0.2,0.11538461538461539,,,,,
8,2021,0.09435674106332789,0.07421358037259493,,0.09176205667104523,0.0750943396226415,0.09469480889903023,0.09150684931506849,0.061068702290076333,0.04918032786885246,0.08181818181818182,0.10553633217993079,0.07809110629067245,0.07407407407407407,0.04918032786885246,0.14,0.07364975450081833,0.08333333333333333,,0.07692307692307693,,0.09782608695652174,,0.07142857142857142,0.029411764705882353,0.11627906976744186,0.25,,0.125,,,,
8,2022,,0.07592891760904685,0.08471531232725263,,0.09101608473911338,0.10238907849829351,0.0898876404494382,0.12071535022354694,0.16,0.0983858570330515,0.09079903147699758,0.12298387096774194,0.058823529411764705,0.10434782608695652,0.027777777777777776,,0.04878048780487805,0.0625,0.16666666666666666,0.09392265193370165,,,,0.022222222222222223,,,0.02702702702702703,0.08333333333333333,,,,
9,1920,,,,,,,,,,,,,,,,,,,,,,,,,,,,,,,,
9,1991,,,,,,,,,,,,,,,,,,,,,,,,,,,,,,,,
9,1993,,,,,,,,,,,,,,,,,,,,,,,,,,,,,,,,
9,1995,,,,,,,,,,,,,,,,,,,,,,,,,,,,,,,,
9,1997,,,,,,,,,,,,,,,,,,,,,,,,,,,,,,,,
9,1999,,,,,,,,,,,,,,,,,,,,,,,,,,,,,,,,
9,2000,0.16666666666666666,,,,0.10526315789473684,,,,,,,,,,,,,,,,,,,,,,,,,,,
9,2001,,0.16666666666666666,,,,,,,,,,,,,,,,,,,,,,,,,,,,,0.05,
9,2002,,,,,,,,,,,,,,,,,,,,,,,,,,,,,,,,
9,2003,,1.0,,,0.038461538461538464,,,,,,,,,,,,,,,,,,,,,,,,,,,
9,2004,,0.5,0.25,,,,,,,,,,,0.3333333333333333,,,,,,,,,,,,,,,,,0.1,
9,2005,,,,,,,,,,,,,0.25,,,,,,,,,,,,,,,,,,,
9,2006,0.1111111111111111,,,,,,,,0.10526315789473684,,,,0.1,,,,0.1,,,,,,,,,,,,,,0.09375,
9,2007,0.1111111111111111,0.039473684210526314,0.109375,0.034482758620689655,,0.2857142857142857,,0.25,0.029411764705882353,,,0.14285714285714285,0.09433962264150944,,0.3333333333333333,,0.08333333333333333,,,,,,,,,,,,,,0.07246376811594203,
9,2008,0.09499443826473859,0.09259823332318001,0.0947098976109215,0.0967238689547582,0.09163473818646233,0.09412470023980815,0.09523809523809523,,0.088348271446863,0.09380863039399624,0.10596026490066225,0.11834319526627218,0.09479305740987984,0.09411764705882353,0.07666666666666666,0.08396946564885496,,0.11959287531806616,0.11764705882352941,0.1411764705882353,0.07407407407407407,,0.037037037037037035,,0.06666666666666667,,,,,0.6,,
9,2009,0.08473458621826574,0.09673518742442563,0.09210939955988683,0.09535020600353149,0.07648114901256732,,0.11092150170648464,0.078125,0.07464324917672886,0.07841552142279709,0.09618573797678276,0.09433962264150944,,0.05934718100890208,0.11009174311926606,0.08849557522123894,0.060240963855421686,,0.06611570247933884,0.06040268456375839,0.07407407407407407,0.25,0.09090909090909091,,,,,,,,,
9,2010,0.08387667145540943,0.09143123253647935,0.08240200166805671,0.07563025210084033,0.06939020726945029,0.07378777231201687,0.09012875536480687,0.07566248256624826,0.0707395498392283,0.08755760368663594,0.09466437177280551,0.0784313725490196,0.08672798948751642,0.0449438202247191,,0.0546218487394958,0.08148148148148149,0.0764872521246459,,0.09821428571428571,0.043478260869565216,,,0.09090909090909091,0.21052631578947367,0.06666666666666667,,,,,,
9,2011,0.08779273673492477,0.08279316440777844,0.07563318777292577,0.09581529581529581,0.07384230287859825,0.0781140042223786,0.09178228388473852,0.08438409311348205,0.08695652173913043,,0.09180327868852459,0.0756578947368421,0.07749077490774908,0.06666666666666667,0.13849765258215962,0.10084033613445378,0.12,0.08808290155440414,0.07792207792207792,0.0963855421686747,0.0851063829787234,,0.14285714285714285,,0.125,0.07692307692307693,,,,,,
9,2012,0.09486798491256143,0.0824679291386683,0.08120035304501325,0.09014390442573988,0.07884547694473777,0.09592822636300898,0.09937238493723849,0.07807061163600199,0.09461235216819974,0.06525157232704402,0.07736943907156674,0.08734939759036145,0.08661417322834646,0.07807807807807808,0.08366533864541832,0.09004739336492891,0.12686567164179105,0.10326086956521739,0.12727272727272726,0.10810810810810811,0.06666666666666667,0.07692307692307693,0.04,0.21428571428571427,,0.13333333333333333,,,,,,
9,2013,0.08825597749648383,0.08359643102264928,0.08251748251748252,0.10232339826331847,0.07756144270667092,0.07557776389756403,0.0931174089068826,0.08089097303634232,0.06884057971014493,0.07297297297297298,0.09479553903345725,0.04,0.09240246406570841,0.07541899441340782,0.013574660633484163,0.08196721311475409,0.1079136690647482,0.07432432432432433,0.07017543859649122,0.06896551724137931,0.044444444444444446,0.125,0.15,0.09090909090909091,0.11538461538461539,,,,,,,
9,2014,0.0853496115427303,0.08521373510861949,0.08,0.0794979079497908,0.05448261841837772,0.09689677010766308,0.08339429407461595,0.07073170731707316,0.08269018743109151,0.06804733727810651,0.08163265306122448,0.06936416184971098,0.10916179337231968,0.09736842105263158,0.08598726114649681,0.10483870967741936,0.08496732026143791,0.064,0.023809523809523808,0.0958904109589041,0.05454545454545454,,0.1,,0.10714285714285714,0.1,,,,,,
9,2015,0.08431810923027787,0.07994205188989859,0.0767173658699649,0.08081590498321714,0.07716289945440374,0.08914728682170543,0.08222932846048424,0.08312655086848635,,0.07414634146341463,0.09322033898305085,0.09668508287292818,0.08552631578947369,0.09178743961352658,0.07580174927113703,0.07738095238095238,0.10215053763440861,0.05405405405405406,0.06382978723404255,0.08695652173913043,0.07692307692307693,0.21428571428571427,0.05,,0.07142857142857142,,,,,,,
9,2016,0.08464365938329589,0.08491190886210094,0.07829800695982284,0.07544910179640718,0.08138268916712031,0.08306503541532517,0.07838983050847458,0.09248242293131423,0.059800664451827246,0.08061749571183534,0.0783132530120482,0.09473684210526316,0.0875,0.07871720116618076,0.050997782705099776,0.09326424870466321,0.06802721088435375,0.08181818181818182,0.06451612903225806,0.10784313725490197,0.05084745762711865,0.2222222222222222,0.058823529411764705,0.07692307692307693,,,,,,,,
9,2017,0.08534574726020755,0.08446726572528883,0.08217940999397953,0.09014844804318488,0.07247494217424827,0.08111615833874107,0.08314146840624201,0.08043010752688172,0.0887185104052574,0.07965242577842144,0.07407407407407407,0.08348794063079777,0.0861344537815126,0.047619047619047616,0.020942408376963352,0.07878787878787878,0.1258741258741259,0.11235955056179775,0.13333333333333333,0.06040268456375839,0.0641025641025641,,0.13924050632911392,0.045454545454545456,0.1,,,,,,,
9,2018,0.08684907325684024,0.07698951264651449,0.08104044504585776,0.09392534764576727,0.08382590005373455,0.09053497942386832,,0.09145496535796767,0.0847457627118644,0.06906474820143885,,0.08644067796610169,0.06971153846153846,,0.1322314049586777,0.08948863636363637,0.10317460317460317,0.13414634146341464,0.109375,0.03571428571428571,0.07407407407407407,0.1875,0.12745098039215685,,0.11764705882352941,0.1,,,,,,
9,2019,0.08298309934722346,0.08609184875049064,0.07701585113714679,0.09521423202204961,0.08085475021657522,0.07395498392282958,0.061062851303014816,0.07147220525351253,0.012779552715654952,0.07670454545454546,0.07208588957055215,,0.05339805825242718,0.08294930875576037,0.07792207792207792,0.0736,0.0967741935483871,0.15942028985507245,0.08695652173913043,0.07207207207207207,0.12195121951219512,0.2,0.08421052631578947,0.06,0.05263157894736842,,,,0.3333333333333333,,,
9,2020,0.08653846153846154,,0.092820666866927,0.10582760016187778,,0.0893216924110141,0.06783536585365854,0.047856430707876374,0.046511627906976744,0.05410821643286573,0.08414239482200647,0.08492569002123142,0.05263157894736842,0.06182795698924731,0.037037037037037035,0.06935483870967742,0.058823529411764705,,0.043478260869565216,0.10526315789473684,0.07692307692307693,,0.0761904761904762,0.10256410256410256,0.12727272727272726,0.2,0.038461538461538464,0.1,,,,
9,2021,,0.08052529777053853,,0.10452242446988178,0.07320754716981132,0.08727895037079293,0.0789041095890411,0.043256997455470736,0.04918032786885246,0.08787878787878788,0.09169550173010381,0.1019522776572668,0.18518518518518517,0.07540983606557378,0.22,0.08183306055646482,,,,,0.05434782608695652,,0.09821428571428571,0.11764705882352941,0.06976744186046512,,,0.25,,1.0,,
9,2022,,0.07373644126471267,0.08278054173576561,,0.0878775990584543,0.07792946530147896,0.08353688324377137,0.09388971684053651,0.09333333333333334,0.09531129900076864,0.08837772397094432,0.1028225806451613,0.08823529411764706,0.07391304347826087,0.19444444444444445,,0.04878048780487805,0.0625,,0.11049723756906077,,0.25,,0.08888888888888889,,0.14285714285714285,0.16216216216216217,,,,,
10,1980,,,,,,,,,,,,,,,,,,,,,,,,,,,,,,,,
10,1991,,,,,,,,,,,,,,,,,,,,,,,,,,,,,,,,
10,1992,,,,,,,,,,,,,,,,,,,,,,,,,,,,,,,,
10,1993,,,,,,,,,,,,,,,,,,,,,,,,,,,,,,,,
10,1994,,,,,,,,,,,,,,,,,,,,,,,,,,,,,,,,
10,1997,,,,,,,,,,,,,,,,,,,,,,,,,,,,,,,,
10,2000,0.16666666666666666,,,,,,,,,,,,,,,,,,,,,,,,,,,,,,,
10,2001,,0.08333333333333333,,,,0.5,,,,,,,,,,,,,,,,,,,,,,,,,0.15,
10,2002,,,,,0.05555555555555555,,,,,,,,,,,,,,,,,,,,,,,,,,,
10,2003,,,,,0.038461538461538464,,,,,,,,,,,,,,,,,,,,,,,,,,,
10,2004,0.5,,0.25,,,,,,,,,0.1111111111111111,,,,,,,,,,,,,,,,,,,0.1,
10,2005,,,,,,,,,,,,,0.25,,,,,,,,,,,,,,,,,,0.08333333333333333,
10,2006,0.1111111111111111,0.3333333333333333,,,,,,,0.10526315789473684,,,0.125,0.1,,,,,,,,,,,,,,,,,,0.03125,
10,2007,0.07407407407407407,0.039473684210526314,0.046875,,,,0.5,,0.029411764705882353,,,0.02857142857142857,0.07547169811320754,0.09090909090909091,,,0.14583333333333334,,,,,,,,,,,,,,0.07971014492753623,
10,2008,0.09098998887652948,0.09503502893694792,0.08276450511945392,0.10842433697347893,0.09227330779054917,0.11031175059952038,0.07572209211553474,,0.11395646606914213,0.10412757973733583,0.09271523178807947,0.12721893491124261,0.09078771695594126,0.08823529411764706,0.13666666666666666,0.10305343511450382,,0.07888040712468193,0.058823529411764705,0.07058823529411765,0.09259259259259259,0.15384615384615385,0.1111111111111111,0.15789473684210525,0.13333333333333333,,,,,,,
10,2009,0.07923947686558963,0.08282950423216445,0.08016347060672745,0.09711595055915244,0.06786355475763016,,0.07167235494880546,0.08891369047619048,0.07354555433589462,0.09862570735650768,0.0812603648424544,0.06918238993710692,,0.08605341246290801,0.21100917431192662,0.08849557522123894,0.0783132530120482,,0.049586776859504134,0.1342281879194631,0.07407407407407407,,0.13636363636363635,0.13333333333333333,0.047619047619047616,,,,,,,
10,2010,0.08221902972704166,0.08863706923315741,0.08623853211009175,0.08795518207282914,0.19675578251727247,0.07449051300070274,0.09098712446351931,0.08786610878661087,0.0707395498392283,0.0944700460829493,0.08261617900172118,0.08169934640522876,0.08015768725361366,0.08239700374531835,,0.06302521008403361,0.044444444444444446,0.10764872521246459,,0.08035714285714286,0.10869565217391304,0.1111111111111111,0.11764705882352941,0.09090909090909091,0.10526315789473684,0.06666666666666667,,,,,,
10,2011,0.08473809254440548,0.09487330583382439,0.08349344978165939,0.07561327561327562,0.09136420525657071,0.10063335679099226,0.08751334044823907,0.07080504364694472,0.08138238573021182,,0.10983606557377049,0.11513157894736842,0.09040590405904059,0.0761904761904762,0.08450704225352113,0.09243697478991597,0.096,0.06735751295336788,0.09090909090909091,0.07228915662650602,0.10638297872340426,0.14285714285714285,0.14285714285714285,,0.16666666666666666,0.07692307692307693,,,,1.0,,
10,2012,0.07760886958509544,0.09712889431887599,0.08331862312444836,0.09068693999456964,0.07004575853572685,0.09730848861283643,0.08472803347280335,0.09646941819990054,0.07752956636005257,0.08726415094339622,0.0851063829787234,0.09337349397590361,0.09251968503937008,0.0960960960960961,0.07171314741035857,0.10426540284360189,0.09701492537313433,0.09239130434782608,,0.06756756756756757,0.06666666666666667,,0.16,0.07142857142857142,0.08333333333333333,0.13333333333333333,,,,,,
10,2013,0.07899671823722457,0.08606726149622512,0.08583916083916084,0.09739497770476414,0.09000957548675391,0.10118675827607745,0.08421052631578947,0.10550996483001172,0.0748792270531401,0.06846846846846846,0.0724907063197026,0.10666666666666667,0.1026694045174538,0.09217877094972067,0.2081447963800905,0.08196721311475409,0.050359712230215826,0.06756756756756757,0.07017543859649122,0.05747126436781609,0.13333333333333333,0.125,,,0.07692307692307693,0.07692307692307693,,,,,,
10,2014,0.08124306326304107,0.08717589348283111,0.08208695652173913,0.09805348371839186,0.055702378532222,0.06966434452184928,0.08997805413313825,0.0959349593495935,0.08599779492833518,0.07396449704142012,0.10612244897959183,0.13005780346820808,0.10331384015594541,0.06842105263157895,0.07961783439490445,0.12903225806451613,0.0457516339869281,0.104,0.14285714285714285,0.0410958904109589,0.10909090909090909,0.1111111111111111,0.2,0.07692307692307693,0.07142857142857142,0.2,,,,,,
10,2015,0.084424571489407,0.08876596865534045,0.09159284639812804,0.08572166279369997,0.07872174590802807,0.08397932816537468,0.09867519415258108,0.0750620347394541,,0.10048780487804879,0.07344632768361582,0.07734806629834254,0.09210526315789473,0.0966183574879227,0.014577259475218658,0.05952380952380952,0.08602150537634409,0.10810810810810811,0.0851063829787234,0.15217391304347827,0.05128205128205128,0.14285714285714285,0.1,,0.10714285714285714,,,,,,,
10,2016,0.07943638962630181,0.08769373426943966,0.07845618475166087,0.0948502994011976,0.08900381056069678,0.08821635544108178,0.09392655367231638,0.07355327203893997,0.07641196013289037,0.08319039451114923,0.0783132530120482,0.09473684210526316,0.09166666666666666,0.08746355685131195,0.011086474501108648,0.06994818652849741,0.10884353741496598,0.06363636363636363,0.03225806451612903,0.058823529411764705,0.05084745762711865,0.1111111111111111,0.10294117647058823,0.07692307692307693,0.09090909090909091,0.13333333333333333,,,,,,
10,2017,0.08641256910096014,0.09409499358151477,0.09391932570740517,0.09257759784075574,0.08172706245181187,0.09214795587280987,0.0977232028651829,0.09505376344086021,0.07338444687842278,0.08834178131788559,0.09195402298850575,0.08534322820037106,0.07142857142857142,0.10793650793650794,0.015706806282722512,0.10101010101010101,0.11888111888111888,0.10112359550561797,0.06666666666666667,0.026845637583892617,0.0641025641025641,,0.06329113924050633,0.09090909090909091,0.1,0.07142857142857142,,,,0.6666666666666666,,0.5
10,2018,0.08552515445719329,0.08463911165946947,0.0849496316343407,0.08709441327152964,0.08785599140247179,0.09876543209876543,,0.06189376443418014,0.09265536723163842,0.07482014388489208,,0.08135593220338982,0.07211538461538461,,0.1487603305785124,0.08522727272727272,0.1111111111111111,0.0975609756097561,0.046875,0.03571428571428571,0.04938271604938271,0.25,0.09803921568627451,,0.11764705882352941,0.1,,,,,,1.0
10,2019,0.08602342841813466,0.08726939683370405,0.07632667126119917,0.09571535955900777,0.08576378862258158,0.08745980707395498,0.08380173735309146,0.07513744654856444,0.012779552715654952,0.07883522727272728,0.06748466257668712,,0.05339805825242718,0.0944700460829493,0.12554112554112554,0.0784,0.10752688172043011,0.043478260869565216,0.06521739130434782,0.13513513513513514,0.10569105691056911,0.13333333333333333,0.08421052631578947,0.12,0.05263157894736842,,0.058823529411764705,,,,,
10,2020,0.0844988344988345,,0.10408531090417543,0.11027923917442331,,0.10073875083948959,0.06021341463414634,0.07178464606181456,0.06976744186046512,0.07715430861723446,0.09223300970873786,0.07855626326963906,0.05263157894736842,0.0913978494623656,,0.12903225806451613,0.07352941176470588,0.034482758620689655,0.08695652173913043,0.0935672514619883,0.1,0.06666666666666667,0.05714285714285714,0.15384615384615385,0.12727272727272726,,0.19230769230769232,0.1,0.25,,,
10,2021,,0.08938206250636262,,0.1118408707074498,0.09622641509433963,0.10496292070735881,0.08821917808219178,0.05089058524173028,0.06557377049180328,0.07777777777777778,0.09688581314878893,0.0911062906724512,0.07407407407407407,0.10819672131147541,,0.09165302782324058,0.08333333333333333,,,,0.08152173913043478,,0.14285714285714285,0.11764705882352941,0.06976744186046512,,,,,,,
10,2022,,0.08389106854373414,0.07960199004975124,,0.09140839544919577,0.08646188850967008,0.07816316560820713,0.06557377049180328,0.12,0.09607993850883935,0.07869249394673124,0.09274193548387097,0.08823529411764706,0.05652173913043478,0.027777777777777776,,0.07317073170731707,0.1875,,0.09944751381215469,,,,0.06666666666666667,,0.14285714285714285,0.10810810810810811,0.08333333333333333,,,,
11,1991,,,,,,,,,,,,,,,,,,,,,,,,,,,,,,,,
11,1997,,,,,,,,,,,,,,,,,,,,,,,,,,,,,,,,
11,1998,,,,,,,,,,,,,,,,,,,,,,,,,,,,,,,0.14285714285714285,
11,1999,,,,,,,,,,,,,,,,,,,,,,,,,,,,,,,,
11,2000,,,0.5,,,,,,,,,0.1111111111111111,,,,,,,,,,,,,,,,,,,,
11,2001,,0.08333333333333333,,,0.03125,,,,,,,,,,,,,,,,,,,,,,,,,,,
11,2002,,,,,,,,,,,,,,,,,,,,,,,,,,,,,,,,
11,2003,,,,,,,,,,,,,,,,,,,,,,,,,,,,,,,0.14285714285714285,
11,2004,0.5,,,,,,,,0.125,,,,0.3333333333333333,,,,,,,,,,,,,,,,,,,
11,2005,0.2,,,0.5,,,,,,,,,,0.2,,,,,,,,,,,,,,,,,0.08333333333333333,
11,2006,,,,,,,,,,,,0.125,,,,,0.1,,,,,,,,,,,,,,0.0625,
11,2007,0.05555555555555555,0.05263157894736842,0.078125,0.034482758620689655,,0.14285714285714285,,0.5,0.08823529411764706,,,0.08571428571428572,0.11320754716981132,0.22727272727272727,0.3333333333333333,,0.125,,,,,,,,,,,,,,0.11956521739130435,
11,2008,0.0867630700778643,0.08315565031982942,0.07636518771331058,0.09464378575143005,0.09355044699872286,0.10971223021582734,0.0858704137392662,,0.10115236875800256,0.11444652908067542,0.08344370860927153,0.047337278106508875,0.08945260347129506,0.052941176470588235,0.05333333333333334,0.10687022900763359,,0.061068702290076333,0.08823529411764706,0.047058823529411764,0.12962962962962962,,,0.10526315789473684,0.06666666666666667,0.0625,,,,0.2,,
11,2009,0.0771513353115727,0.09053808948004836,0.07591952216284187,0.10241318422601531,0.0689407540394973,,0.07337883959044368,0.07068452380952381,0.07135016465422613,0.08003233629749394,0.0945273631840796,0.0660377358490566,,0.07418397626112759,0.05504587155963303,0.0752212389380531,0.08433734939759036,,0.04132231404958678,0.10067114093959731,0.09259259259259259,0.125,0.09090909090909091,,0.09523809523809523,,,,,,,
11,2010,0.07426234943087634,0.07683949084135362,0.07489574645537948,0.06190476190476191,0.10543706818864523,0.07659873506676036,0.07381974248927038,0.06311018131101813,0.07717041800643087,0.07910906298003072,0.09294320137693632,0.07516339869281045,0.0683311432325887,0.06367041198501873,,0.09243697478991597,0.0962962962962963,0.0764872521246459,,0.044642857142857144,0.021739130434782608,0.3333333333333333,0.11764705882352941,,0.10526315789473684,,,,,,,1.0
11,2011,0.07466908021269375,0.09428403064230996,0.07930131004366812,0.07041847041847042,0.06967042136003337,0.08374384236453201,0.0768409818569904,0.0518913676042677,0.06911928651059086,,0.07868852459016394,0.05592105263157895,0.05350553505535055,0.06666666666666667,0.056338028169014086,0.07142857142857142,0.048,0.03626943005181347,0.06493506493506493,0.07228915662650602,0.0425531914893617,,,,0.041666666666666664,0.07692307692307693,,,,,,
11,2012,0.07703737570008001,0.10904092852779475,0.0676081200353045,0.08579961987510182,0.07849348820837733,0.0800552104899931,0.09414225941422594,0.08055693684733964,0.06701708278580815,0.07232704402515723,0.058027079303675046,0.0963855421686747,0.05905511811023622,0.11711711711711711,0.043824701195219126,0.12796208530805686,0.05223880597014925,0.03260869565217391,0.01818181818181818,0.04054054054054054,0.06666666666666667,0.07692307692307693,0.04,0.07142857142857142,,,,,,,,
11,2013,0.0808720112517581,0.08181194234728895,0.08199300699300699,0.09481342407885474,0.08203000319182892,0.1061836352279825,0.09716599190283401,0.08558030480656506,0.07004830917874397,0.07387387387387387,0.07806691449814127,0.06333333333333334,0.057494866529774126,0.09497206703910614,0.13122171945701358,0.045081967213114756,0.05755395683453238,0.04054054054054054,0.017543859649122806,0.034482758620689655,0.13333333333333333,0.0625,0.15,0.045454545454545456,0.07692307692307693,0.07692307692307693,,,,,,
11,2014,0.07746947835738069,0.08409250175192712,0.0808695652173913,0.07022012006549026,0.05326285830453344,0.09056364787840405,0.08339429407461595,0.08536585365853659,0.07717750826901874,0.08284023668639054,0.08163265306122448,0.08670520231213873,0.07407407407407407,0.0868421052631579,0.06687898089171974,0.08064516129032258,0.0392156862745098,0.056,0.14285714285714285,0.0684931506849315,0.07272727272727272,,0.05,0.07692307692307693,,,,,,,,
11,2015,0.0802725433833706,0.0900829711576452,0.08139729232826341,0.0704879938032533,0.07378539880488438,0.07235142118863049,0.08679762448606669,0.08002481389578164,,0.07512195121951219,0.08898305084745763,0.10773480662983426,0.10087719298245613,0.07971014492753623,0.02040816326530612,0.08333333333333333,0.06989247311827956,0.04504504504504504,0.10638297872340426,0.05434782608695652,0.05128205128205128,0.07142857142857142,0.125,0.14285714285714285,,,,,,,,
11,2016,0.08525627935470696,0.07974566167704332,0.08525782980069599,0.10323353293413173,0.07376156777354383,0.07920154539600772,0.09004237288135593,0.0746349378042185,0.0753045404208195,0.07375643224699828,0.06927710843373494,0.07578947368421053,0.07708333333333334,0.05830903790087463,0.04212860310421286,0.08290155440414508,0.09523809523809523,0.09090909090909091,0.12903225806451613,0.049019607843137254,0.06779661016949153,0.1111111111111111,0.10294117647058823,,0.09090909090909091,0.13333333333333333,,,,,,
11,2017,0.08360003879352149,0.0876765083440308,0.07676098735701385,0.08394062078272604,0.07453096890259574,0.08630759247242051,0.09158352519826042,0.07225806451612904,0.07995618838992333,0.07385952208544533,0.06385696040868455,0.07421150278293136,0.06092436974789916,0.09523809523809523,0.020942408376963352,0.07474747474747474,0.06293706293706294,0.0449438202247191,0.06666666666666667,0.040268456375838924,0.0641025641025641,,0.0759493670886076,0.045454545454545456,0.06666666666666667,,,,,,,
11,2018,0.08428949691085613,0.08180135718692165,0.08239362501879417,0.08416686996828494,0.08113917248790972,0.08641975308641975,,0.0720554272517321,0.0655367231638418,0.07625899280575539,,0.08305084745762711,0.057692307692307696,,0.049586776859504134,0.08238636363636363,0.1111111111111111,0.036585365853658534,0.046875,0.10714285714285714,0.06172839506172839,0.125,0.08823529411764706,,0.08823529411764706,,,,,,,
11,2019,0.07895913440042922,0.09158707313881984,0.08149552033080634,0.09145577549486344,0.07450187698527289,0.09003215434083602,0.07128257537046499,0.0678069639584606,0.01597444089456869,0.08096590909090909,0.06595092024539877,,0.019417475728155338,0.09907834101382489,0.06493506493506493,0.0832,0.08602150537634409,0.043478260869565216,,0.14414414414414414,0.12195121951219512,0.06666666666666667,0.08421052631578947,0.08,0.07894736842105263,,0.058823529411764705,,,,,
11,2020,0.07060994560994562,,0.07374586963051967,0.09732901659247269,,0.08260577568838147,0.057164634146341466,0.07776669990029911,0.13953488372093023,0.06412825651302605,0.07766990291262135,0.07643312101910828,0.10526315789473684,0.07258064516129033,0.07407407407407407,0.10806451612903226,0.14705882352941177,0.06896551724137931,0.043478260869565216,0.0935672514619883,0.046153846153846156,0.06666666666666667,0.1619047619047619,0.10256410256410256,0.05454545454545454,0.2,0.07692307692307693,,,1.0,,
11,2021,0.07784431137724551,,,0.09401388628260461,0.08415094339622642,0.10496292070735881,0.10684931506849316,0.05343511450381679,0.11475409836065574,0.09090909090909091,0.09342560553633218,0.09327548806941431,0.1111111111111111,0.07868852459016394,0.18,0.1260229132569558,0.16666666666666666,0.42857142857142855,,,0.10869565217391304,,0.044642857142857144,0.08823529411764706,0.06976744186046512,,,,0.2,,,
11,2022,,0.07719824601892453,0.06453841901603095,,0.08277755982738329,0.06655290102389079,0.07278944797264289,0.07600596125186289,0.05333333333333334,0.06840891621829362,0.0847457627118644,0.08064516129032258,0.11764705882352941,0.06521739130434782,0.2222222222222222,,0.07317073170731707,0.125,0.16666666666666666,0.03867403314917127,,,,0.15555555555555556,,,0.16216216216216217,,,,,
12,1908,,,,,,,,,,,,,,,,,,,,,,,,,,,,,,,,
12,1915,,,,,,,,,,,,,,,,,,,,,,,,,,,,,,,,
12,1979,,,,,,,,,,,,,,,,,,,,,,,,,,,,,,,,
12,1991,,,,,,,,,,,,,,,,,,,,,,,,,,,,,,,,
12,1997,,,,,,,,,,,,0.25,,,,,,,,,,,,,,,,,,,,
12,2000,,,,,0.05263157894736842,,,,,,,,,,,,,,,,,,,,,,,,,,,
12,2001,,,,,0.03125,,,,,,,,0.3333333333333333,,,,,,,,,,,,,,,,,,0.05,
12,2002,,,,1.0,0.1111111111111111,,,,,,,,,,,,,,,,,,,,,,,,,,,
12,2003,,,,1.0,,,,,,,,0.1,,,,,,,,,,,,,,,,,,,,
12,2004,,,,0.5,0.041666666666666664,,,,,,,,,,,,,,,,,,,,,,,,,,,
12,2005,,,,,,,,,,,,,,,,,,,,,,,,,,,,,,,,
12,2006,0.1111111111111111,,0.2,,,,,,0.05263157894736842,,,,0.1,,,,0.2,,,,,,,,,0.2,,,,,0.09375,
12,2007,0.5370370370370371,0.7105263157894737,0.5625,0.7241379310344828,0.23976608187134502,0.42857142857142855,0.5,,0.11764705882352941,,,0.2,0.3584905660377358,0.3181818181818182,,,0.1875,,,,1.0,,,,,0.25,,,,,,
12,2008,0.0849833147942158,0.08665854401462077,0.0674061433447099,0.06916276651066043,0.07598978288633461,0.08453237410071943,0.0663544106167057,,0.07426376440460948,0.1350844277673546,0.04768211920529802,0.05325443786982249,0.07476635514018691,0.07941176470588235,0.03666666666666667,0.07251908396946564,,0.058524173027989825,0.0196078431372549,0.07058823529411765,0.09259259259259259,0.15384615384615385,0.07407407407407407,,,0.0625,,,,,,
12,2009,0.0722057368941642,0.09356106408706166,0.08032065388242692,0.11771630370806356,0.07001795332136446,,0.06996587030716724,0.06063988095238095,0.06586169045005488,0.1293451899757478,0.06301824212271974,0.08176100628930817,,0.10979228486646884,0.024464831804281346,0.09734513274336283,0.0783132530120482,,0.0743801652892562,0.053691275167785234,0.018518518518518517,,0.045454545454545456,0.13333333333333333,0.14285714285714285,,,,,,,0.5
12,2010,0.07857221792463255,0.09174169512573735,0.08040033361134279,0.06582633053221289,0.07780114148392911,0.08924806746310611,0.08068669527896996,0.06799163179916318,0.07395498392282958,0.11213517665130568,0.04991394148020654,0.08496732026143791,0.056504599211563734,0.09737827715355805,,0.05042016806722689,0.1037037037037037,0.056657223796033995,,0.05357142857142857,0.021739130434782608,0.1111111111111111,0.23529411764705882,0.09090909090909091,0.10526315789473684,0.13333333333333333,,,,,,
12,2011,0.07568729494286684,0.09163229228049499,0.0862882096069869,0.07215007215007214,0.09845640383813099,0.10063335679099226,0.09391675560298826,0.06983511154219205,0.06577480490523968,,0.06393442622950819,0.0625,0.06088560885608856,0.04126984126984127,0.046948356807511735,0.09243697478991597,0.056,0.031088082901554404,0.07792207792207792,0.08433734939759036,0.0425531914893617,0.07142857142857142,0.2857142857142857,,0.125,0.07692307692307693,,,,,,0.5
12,2012,0.08183792433420962,0.10537568723274282,0.07908208296557812,0.08932935107249525,0.0791974656810982,0.0821256038647343,0.08577405857740586,0.07707608155146693,0.07227332457293036,0.11713836477987422,0.06963249516441006,0.07530120481927711,0.06692913385826772,0.1111111111111111,0.01593625498007968,0.11374407582938388,0.08208955223880597,0.03804347826086957,0.07272727272727272,0.05405405405405406,0.11666666666666667,0.15384615384615385,0.08,0.14285714285714285,,0.06666666666666667,,,,,,
12,2013,0.0816924519456165,0.08332189430336308,0.0743006993006993,0.09105843698662286,0.08234918608362592,0.07870081199250469,0.07935222672064778,0.0615474794841735,0.08333333333333333,0.11981981981981982,0.055762081784386616,0.06666666666666667,0.09856262833675565,0.10614525139664804,0.07239819004524888,0.05737704918032787,0.10071942446043165,0.05405405405405406,0.03508771929824561,0.04597701149425287,0.022222222222222223,,,0.13636363636363635,0.07692307692307693,0.07692307692307693,,,,,,
12,2014,0.07602663706992231,0.08577435178696566,0.07756521739130434,0.058213571038748406,0.056108965236836755,0.08993033565547814,0.09509875640087784,0.05447154471544716,0.06945975744211687,0.09072978303747535,0.05918367346938776,0.08959537572254335,0.07017543859649122,0.09210526315789473,,0.08870967741935484,0.12418300653594772,0.064,0.023809523809523808,0.0821917808219178,0.10909090909090909,,,,0.10714285714285714,,,,,1.0,,
12,2015,,0.09363887791386803,0.08340297509610563,0.10689388071262587,0.0753442452585087,0.06847545219638243,0.0918227501142074,0.08188585607940446,,0.0721951219512195,0.07203389830508475,0.06906077348066299,0.06798245614035088,0.07971014492753623,0.014577259475218658,0.08630952380952381,0.11827956989247312,0.04504504504504504,0.0851063829787234,0.06521739130434782,0.07692307692307693,0.07142857142857142,0.075,0.07142857142857142,0.10714285714285714,,,,,,,
12,2016,0.08127424954053503,0.0902106239236985,0.08098702942106928,0.08838323353293413,0.08873162765378334,0.08177720540888603,0.08686440677966102,0.08436992969172526,0.06866002214839424,0.11406518010291596,0.07379518072289157,0.08,0.0875,0.09620991253644315,0.004434589800443459,0.07772020725388601,0.09523809523809523,0.02727272727272727,0.11290322580645161,0.029411764705882353,0.05084745762711865,0.1111111111111111,0.10294117647058823,0.15384615384615385,0.045454545454545456,0.2,,,,,,
12,2017,0.07942973523421588,0.09088575096277278,0.0773630343166767,0.08178137651821862,0.08763813929581085,0.0791693705386113,0.09311844461499105,0.07526881720430108,0.06571741511500548,0.10861694424330195,0.07279693486590039,0.10575139146567718,0.07563025210084033,0.09523809523809523,0.03664921465968586,0.1111111111111111,0.055944055944055944,0.02247191011235955,0.016666666666666666,0.08053691275167785,0.08974358974358974,,0.10126582278481013,0.045454545454545456,0.13333333333333333,,,,,0.3333333333333333,,
12,2018,0.07537511032656664,0.08895743368291179,0.08284468500977296,0.08197121249085143,0.08436324556689952,0.07583774250440917,,0.0766743648960739,0.07231638418079096,0.1223021582733813,,0.08813559322033898,0.08413461538461539,,0.15702479338842976,0.08238636363636363,0.06349206349206349,0.07317073170731707,0.109375,0.0625,0.1111111111111111,,0.06862745098039216,,0.058823529411764705,0.1,,,,,,
12,2019,0.08280425646069928,0.08543765537092765,0.07822191592005513,0.08619393635680281,0.07969968235633844,0.0842443729903537,0.06949412365866121,0.06719609040928527,0.02875399361022364,0.10298295454545454,0.06748466257668712,,0.019417475728155338,0.08525345622119816,0.03463203463203463,0.1008,0.08602150537634409,0.057971014492753624,0.021739130434782608,0.06306306306306306,0.08130081300813008,,0.09473684210526316,0.06,0.05263157894736842,,0.11764705882352941,,,,,
12,2020,0.07235819735819736,,0.08050465605286873,0.0924726831242412,,0.08730691739422432,0.06440548780487805,0.06480558325024925,0.11627906976744186,0.07414829659318638,0.06957928802588997,0.0870488322717622,0.10526315789473684,0.0967741935483871,0.037037037037037035,0.08709677419354839,0.07352941176470588,0.06896551724137931,0.043478260869565216,0.09941520467836257,0.06153846153846154,0.13333333333333333,0.08571428571428572,0.10256410256410256,0.03636363636363636,,0.11538461538461539,,,,,
12,2021,0.07947740881872618,0.09121449658963657,,0.10020641771439294,0.06981132075471698,0.07701083856246435,0.10246575342465754,0.06361323155216285,0.04918032786885246,0.09595959595959595,0.07612456747404844,0.08676789587852494,0.14814814814814814,0.07540983606557378,0.16,0.07364975450081833,0.027777777777777776,0.14285714285714285,0.07692307692307693,,0.10869565217391304,,0.0625,0.08823529411764706,0.046511627906976744,0.25,,0.125,,,,
12,2022,,0.06865912762520193,0.07020453289110005,,0.06198509219301687,0.05915813424345848,0.06741573033707865,0.05365126676602087,0.09333333333333334,0.08378170637970792,0.06053268765133172,0.0625,0.029411764705882353,0.07391304347826087,,,0.07317073170731707,,,0.03867403314917127,,0.125,,0.022222222222222223,,,0.05405405405405406,,,,,
